,date,open,close,volume,change,changePercent,vwap
0,2015-02-20,108.43,108.6,7610600.0,-0.17,-0.157,108.32333
1,2015-02-23,107.79,107.86,6724000.0,-0.07,-0.065,107.90333
2,2015-02-24,107.89,107.96,5708400.0,-0.07,-0.065,107.84667
3,2015-02-25,108.12,108.58,4806500.0,-0.46,-0.425,108.37333
4,2015-02-26,107.89,107.06,5903100.0,0.83,0.769,107.19333
5,2015-02-27,107.52,106.68,6396500.0,0.84,0.781,106.99333
6,2015-03-02,106.32,105.9,7343700.0,0.42,0.395,105.72333
7,2015-03-03,105.88,105.16,6901200.0,0.72,0.68,105.39667
8,2015-03-04,105.64,105.16,5784900.0,0.48,0.454,105.08
9,2015-03-05,105.01,104.73,5156900.0,0.28,0.267,104.79
10,2015-03-06,104.22,103.55,7213300.0,0.67,0.643,103.74667
11,2015-03-09,103.6,103.95,7506200.0,-0.35,-0.338,104.36
12,2015-03-10,103.79,102.91,10679000.0,0.88,0.848,103.26333
13,2015-03-11,103.52,103.54,8440700.0,-0.02,-0.019,103.29333
14,2015-03-12,104.22,102.42,5900600.0,1.8,1.727,103.07667
15,2015-03-13,101.84,101.62,8345200.0,0.22,0.216,101.37333
16,2015-03-16,101.44,103.13,6780200.0,-1.69,-1.666,102.46667
17,2015-03-17,102.3,103.17,7097500.0,-0.87,-0.85,102.94
18,2015-03-18,102.61,106.7,11059700.0,-4.09,-3.986,105.31667
19,2015-03-19,105.1,104.75,7841900.0,0.35,0.333,104.93333
20,2015-03-20,105.29,107.03,14064900.0,-1.74,-1.653,106.46667
21,2015-03-23,107.51,105.92,6807700.0,1.59,1.479,106.51
22,2015-03-24,105.92,104.2,6677800.0,1.72,1.624,104.85
23,2015-03-25,104.66,105.67,9169400.0,-1.01,-0.965,105.4
24,2015-03-26,106.28,105.25,7276900.0,1.03,0.969,105.31
25,2015-03-27,104.99,104.28,5830300.0,0.71,0.676,104.31333
26,2015-03-30,104.97,106.9,7172400.0,-1.93,-1.839,106.36
27,2015-03-31,105.62,104.98,7254100.0,0.64,0.606,105.31
28,2015-04-01,105.77,104.79,7347200.0,0.98,0.927,105.17
29,2015-04-02,104.45,105.28,5123900.0,-0.83,-0.795,105.01333
30,2015-04-06,106.03,106.92,6724000.0,-0.89,-0.839,106.66667
31,2015-04-07,106.97,108.54,8536000.0,-1.57,-1.468,108.08333
32,2015-04-08,108.86,106.66,7894800.0,2.2,2.021,107.36667
33,2015-04-09,106.8,106.95,5760500.0,-0.15,-0.14,106.79
34,2015-04-10,107.47,106.91,5012200.0,0.56,0.521,107.12667
35,2015-04-13,107.35,106.5,4307200.0,0.85,0.792,106.94667
36,2015-04-14,107.7,108.84,7262700.0,-1.14,-1.058,108.39667
37,2015-04-15,109.59,110.41,6704000.0,-0.82,-0.748,110.16
38,2015-04-16,109.9,110.16,5904200.0,-0.26,-0.237,110.03333
39,2015-04-17,109.36,109.11,6548700.0,0.25,0.229,109.02
40,2015-04-20,109.57,110.29,7148800.0,-0.72,-0.657,110.51667
41,2015-04-21,110.05,109.73,5674900.0,0.32,0.291,109.92667
42,2015-04-22,110.05,109.5,5643100.0,0.55,0.5,109.71667
43,2015-04-23,110.0,109.97,6940000.0,0.03,0.027,110.07333
44,2015-04-24,109.67,109.87,4995000.0,-0.2,-0.182,109.64667
45,2015-04-27,110.34,109.7,4858700.0,0.64,0.58,109.99333
46,2015-04-28,110.05,111.12,5321600.0,-1.07,-0.972,110.67
47,2015-04-29,110.82,111.73,5665800.0,-0.91,-0.821,111.46667
48,2015-04-30,112.04,111.06,6666800.0,0.98,0.875,111.23333
49,2015-05-01,110.28,109.04,10362700.0,1.24,1.124,109.39333
50,2015-05-04,109.38,108.32,7660100.0,1.06,0.969,108.57333
51,2015-05-05,109.24,108.0,6463300.0,1.24,1.135,108.64333
52,2015-05-06,109.24,107.95,5820400.0,1.29,1.181,108.26
53,2015-05-07,107.69,107.57,5798300.0,0.12,0.111,107.48667
54,2015-05-08,108.29,108.65,7078900.0,-0.36,-0.332,108.28333
55,2015-05-11,108.65,107.36,6003600.0,1.29,1.187,107.78333
56,2015-05-12,107.44,107.56,5026500.0,-0.12,-0.112,107.55333
57,2015-05-13,107.98,107.7,5517600.0,0.28,0.259,107.82333
58,2015-05-14,108.02,108.45,9751700.0,-0.43,-0.398,108.59
59,2015-05-15,107.21,108.03,5641600.0,-0.82,-0.765,107.76667
60,2015-05-18,107.5,106.65,6390600.0,0.85,0.791,106.91333
61,2015-05-19,106.05,105.02,7927600.0,1.03,0.971,105.44333
62,2015-05-20,105.42,105.25,6521200.0,0.17,0.161,105.30333
63,2015-05-21,105.97,105.49,6549300.0,0.48,0.453,105.68667
64,2015-05-22,105.09,104.89,4717200.0,0.2,0.19,105.1
65,2015-05-26,104.22,103.29,8010200.0,0.93,0.892,103.55333
66,2015-05-27,103.2,103.11,5857500.0,0.09,0.087,103.20667
67,2015-05-28,102.96,103.24,5099900.0,-0.28,-0.272,103.01333
68,2015-05-29,103.14,103.0,6673400.0,0.14,0.136,103.08
69,2015-06-01,103.47,102.63,5412400.0,0.84,0.812,102.95667
70,2015-06-02,102.65,102.58,5040000.0,0.07,0.068,102.6
71,2015-06-03,102.4,102.17,5175700.0,0.23,0.225,102.55667
72,2015-06-04,101.89,101.39,6896400.0,0.5,0.491,101.58
73,2015-06-05,101.18,101.59,6080900.0,-0.41,-0.405,101.89333
74,2015-06-08,101.29,100.42,8213900.0,0.87,0.859,100.58667
75,2015-06-09,100.7,100.42,7157000.0,0.28,0.278,100.63
76,2015-06-10,102.52,101.83,7588400.0,0.69,0.673,101.97667
77,2015-06-11,101.87,101.12,5582900.0,0.75,0.736,101.42
78,2015-06-12,100.52,99.87,6475500.0,0.65,0.647,100.06333
79,2015-06-15,99.45,99.29,6178100.0,0.16,0.161,99.49333
80,2015-06-16,99.2,100.04,8763700.0,-0.84,-0.847,99.76667
81,2015-06-17,100.83,99.76,8231100.0,1.07,1.061,100.15
82,2015-06-18,100.26,100.25,7168000.0,0.01,0.01,100.43333
83,2015-06-19,99.72,99.47,10512000.0,0.25,0.251,99.7
84,2015-06-22,99.83,100.29,6416100.0,-0.46,-0.461,100.01
85,2015-06-23,99.96,100.09,5697900.0,-0.13,-0.13,100.02
86,2015-06-24,99.98,99.27,7451900.0,0.71,0.71,99.74
87,2015-06-25,99.45,98.34,6062800.0,1.11,1.116,98.76333
88,2015-06-26,98.24,98.6,10015500.0,-0.36,-0.366,98.36667
89,2015-06-29,97.5,96.69,8764600.0,0.81,0.831,97.08333
90,2015-06-30,97.45,96.47,9925400.0,0.98,1.006,96.78333
91,2015-07-01,96.3,96.09,7295300.0,0.21,0.218,96.08667
92,2015-07-02,96.36,95.87,6419100.0,0.49,0.509,96.08667
93,2015-07-06,95.06,94.77,8341600.0,0.29,0.305,94.93667
94,2015-07-07,94.41,95.27,11774900.0,-0.86,-0.911,94.75
95,2015-07-08,94.59,93.56,7719100.0,1.03,1.089,93.97
96,2015-07-09,94.9,93.78,7909000.0,1.12,1.18,94.25
97,2015-07-10,94.53,94.41,5631900.0,0.12,0.127,94.47667
98,2015-07-13,94.31,94.6,5038800.0,-0.29,-0.307,94.54667
99,2015-07-14,94.4,95.55,5218600.0,-1.15,-1.218,95.24333
100,2015-07-15,95.04,94.24,6490400.0,0.8,0.842,94.61
101,2015-07-16,94.28,94.48,6422700.0,-0.2,-0.212,94.37
102,2015-07-17,94.23,93.15,8214200.0,1.08,1.146,93.48
103,2015-07-20,93.3,92.94,6018100.0,0.36,0.386,93.00667
104,2015-07-21,93.0,93.9,7043100.0,-0.9,-0.968,93.68
105,2015-07-22,93.51,93.51,9327500.0,0.0,0.0,93.71
106,2015-07-23,93.57,92.94,7360700.0,0.63,0.673,93.23667
107,2015-07-24,92.78,90.6,11158400.0,2.18,2.35,91.24333
108,2015-07-27,89.86,89.14,10342700.0,0.72,0.801,89.32333
109,2015-07-28,89.45,92.4,11536900.0,-2.95,-3.298,91.50667
110,2015-07-29,91.98,93.25,9821500.0,-1.27,-1.381,92.69667
111,2015-07-30,93.45,93.03,6435700.0,0.42,0.449,93.19667
112,2015-07-31,91.52,88.48,19063400.0,3.04,3.322,89.41333
113,2015-08-03,87.28,85.6,14142200.0,1.68,1.925,86.08333
114,2015-08-04,85.74,85.21,8537200.0,0.53,0.618,85.59667
115,2015-08-05,85.44,84.03,11254600.0,1.41,1.65,84.63333
116,2015-08-06,83.56,85.19,9805000.0,-1.63,-1.951,84.55333
117,2015-08-07,84.71,83.75,7422000.0,0.96,1.133,84.14667
118,2015-08-10,84.2,85.89,8342000.0,-1.69,-2.007,85.29
119,2015-08-11,84.38,85.78,9797400.0,-1.4,-1.659,85.12
120,2015-08-12,85.0,86.79,11316300.0,-1.79,-2.106,86.27333
121,2015-08-13,86.03,85.85,9562400.0,0.18,0.209,85.88
122,2015-08-14,85.78,85.99,7748900.0,-0.21,-0.245,85.9
123,2015-08-17,84.46,83.23,12602500.0,1.23,1.456,83.61667
124,2015-08-18,83.08,83.44,9093400.0,-0.36,-0.433,83.34333
125,2015-08-19,82.87,80.91,13129000.0,1.96,2.365,81.49667
126,2015-08-20,80.66,79.24,11857200.0,1.42,1.76,79.92333
127,2015-08-21,78.87,75.76,18383600.0,3.11,3.943,77.02
128,2015-08-24,70.55,72.12,24191900.0,-1.57,-2.225,72.36
129,2015-08-25,74.93,70.02,21128000.0,4.91,6.553,71.62667
130,2015-08-26,71.72,73.09,17400400.0,-1.37,-1.91,72.38
131,2015-08-27,75.0,77.64,21539600.0,-2.64,-3.52,76.77333
132,2015-08-28,77.72,80.43,23735400.0,-2.71,-3.487,79.73667
133,2015-08-31,80.01,80.99,16880400.0,-0.98,-1.225,79.99667
134,2015-09-01,78.76,78.19,17954200.0,0.57,0.724,78.36667
135,2015-09-02,79.75,78.06,14255900.0,1.69,2.119,78.34667
136,2015-09-03,78.7,78.26,12282600.0,0.44,0.559,78.45667
137,2015-09-04,77.3,76.67,11210000.0,0.63,0.815,76.91667
138,2015-09-08,77.53,76.84,9316500.0,0.69,0.89,76.88
139,2015-09-09,77.43,74.92,11297400.0,2.51,3.242,75.95667
140,2015-09-10,75.73,75.66,11475200.0,0.07,0.092,75.25667
141,2015-09-11,75.94,75.79,11032100.0,0.15,0.198,75.71
142,2015-09-14,75.52,75.77,10235500.0,-0.25,-0.331,75.57667
143,2015-09-15,76.43,77.17,11678100.0,-0.74,-0.968,77.02333
144,2015-09-16,77.82,79.02,12593500.0,-1.2,-1.542,78.66667
145,2015-09-17,79.12,79.41,12324300.0,-0.29,-0.367,79.49333
146,2015-09-18,77.91,77.74,18635900.0,0.17,0.218,77.80333
147,2015-09-21,78.3,78.09,8523500.0,0.21,0.268,78.22
148,2015-09-22,76.84,77.25,9692300.0,-0.41,-0.534,77.14333
149,2015-09-23,77.4,76.12,9043000.0,1.28,1.654,76.47
150,2015-09-24,75.45,76.89,10302600.0,-1.44,-1.909,76.43333
151,2015-09-25,77.87,77.7,10862600.0,0.17,0.218,77.59333
152,2015-09-28,76.66,75.77,10567000.0,0.89,1.161,76.15
153,2015-09-29,76.04,76.25,8797800.0,-0.21,-0.276,76.06333
154,2015-09-30,77.15,78.88,14108800.0,-1.73,-2.242,78.3
155,2015-10-01,79.72,78.34,11111900.0,1.38,1.731,79.01333
156,2015-10-02,77.74,81.55,13051900.0,-3.81,-4.901,80.13667
157,2015-10-05,82.41,84.03,14196800.0,-1.62,-1.966,83.52333
158,2015-10-06,84.18,86.99,18897100.0,-2.81,-3.338,86.23
159,2015-10-07,88.25,88.12,17670500.0,0.13,0.147,87.97
160,2015-10-08,87.89,89.91,11299100.0,-2.02,-2.298,89.28333
161,2015-10-09,90.2,89.57,10011100.0,0.63,0.698,89.54667
162,2015-10-12,89.86,88.74,7917500.0,1.12,1.246,88.86333
163,2015-10-13,87.8,88.38,8012500.0,-0.58,-0.661,88.20333
164,2015-10-14,88.23,89.76,9734500.0,-1.53,-1.734,89.14667
165,2015-10-15,89.65,90.72,8960400.0,-1.07,-1.194,90.01
166,2015-10-16,91.55,91.29,7821200.0,0.26,0.284,90.99
167,2015-10-19,90.36,90.03,8900400.0,0.33,0.365,89.93
168,2015-10-20,89.5,89.99,8221100.0,-0.49,-0.547,89.95667
169,2015-10-21,89.44,89.33,7423400.0,0.11,0.123,89.7
170,2015-10-22,89.74,91.62,8971700.0,-1.88,-2.095,91.05667
171,2015-10-23,90.75,91.24,8134800.0,-0.49,-0.54,91.08667
172,2015-10-26,90.87,88.77,8606600.0,2.1,2.311,89.41
173,2015-10-27,87.73,87.7,9328800.0,0.03,0.034,87.46667
174,2015-10-28,88.21,89.79,8236500.0,-1.58,-1.791,89.27667
175,2015-10-29,89.32,89.89,6686000.0,-0.57,-0.638,89.98667
176,2015-10-30,91.14,90.88,11559300.0,0.26,0.285,90.75667
177,2015-11-02,90.61,94.96,14277300.0,-4.35,-4.801,93.57333
178,2015-11-03,95.42,98.14,17669200.0,-2.72,-2.851,97.4
179,2015-11-04,98.02,96.77,11931300.0,1.25,1.275,96.98333
180,2015-11-05,96.05,94.55,11184800.0,1.5,1.562,95.14333
181,2015-11-06,93.71,94.03,9634200.0,-0.32,-0.341,93.28667
182,2015-11-09,93.48,92.32,7659100.0,1.16,1.241,92.95667
183,2015-11-10,92.1,93.23,6823100.0,-1.13,-1.227,92.85667
184,2015-11-11,93.39,92.19,6085300.0,1.2,1.285,92.58667
185,2015-11-12,90.75,89.86,8951300.0,0.89,0.981,90.08667
186,2015-11-13,89.57,88.68,7676600.0,0.89,0.994,88.94667
187,2015-11-16,87.79,91.45,10101100.0,-3.66,-4.169,90.23667
188,2015-11-17,91.27,91.03,7575800.0,0.24,0.263,91.41
189,2015-11-18,91.44,92.21,6886900.0,-0.77,-0.842,91.99667
190,2015-11-19,92.03,90.83,6096700.0,1.2,1.304,91.21
191,2015-11-20,90.64,89.01,8561400.0,1.63,1.798,89.71
192,2015-11-23,88.65,90.01,6889600.0,-1.36,-1.534,89.52
193,2015-11-24,90.19,91.35,8549000.0,-1.16,-1.286,91.15
194,2015-11-25,90.71,90.87,5419300.0,-0.16,-0.176,90.78333
195,2015-11-27,90.25,90.37,2547800.0,-0.12,-0.133,90.42
196,2015-11-30,90.64,91.32,12179400.0,-0.68,-0.75,91.24
197,2015-12-01,90.97,92.48,6975500.0,-1.51,-1.66,92.03333
198,2015-12-02,92.6,90.25,11830700.0,2.35,2.538,90.99
199,2015-12-03,90.81,88.85,10996800.0,1.96,2.158,89.54333
200,2015-12-04,87.9,89.71,13170200.0,-1.81,-2.059,88.67333
201,2015-12-07,87.48,87.28,15378900.0,0.2,0.229,86.70667
202,2015-12-08,85.81,86.44,13397500.0,-0.63,-0.734,86.23
203,2015-12-09,86.67,87.6,14675800.0,-0.93,-1.073,88.01333
204,2015-12-10,88.0,89.3,14534800.0,-1.3,-1.477,89.12333
205,2015-12-11,87.85,86.44,13186900.0,1.41,1.605,86.81333
206,2015-12-14,86.3,89.33,12430700.0,-3.03,-3.511,88.11
207,2015-12-15,90.58,92.76,19158500.0,-2.18,-2.407,92.23667
208,2015-12-16,92.58,93.44,16917900.0,-0.86,-0.929,92.69
209,2015-12-17,93.5,90.54,14082500.0,2.96,3.166,91.64667
210,2015-12-18,90.06,89.81,20167200.0,0.25,0.278,90.12667
211,2015-12-21,90.4,89.24,12852300.0,1.16,1.283,89.38333
212,2015-12-22,89.12,90.27,9661700.0,-1.15,-1.29,89.78667
213,2015-12-23,92.2,93.81,11172800.0,-1.61,-1.746,93.07667
214,2015-12-24,93.95,92.05,4998700.0,1.9,2.022,92.67
215,2015-12-28,90.31,90.36,6800000.0,-0.05,-0.055,90.25667
216,2015-12-29,91.89,91.25,6471200.0,0.64,0.696,91.63333
217,2015-12-30,90.1,90.09,5600200.0,0.01,0.011,90.32
218,2015-12-31,89.38,89.96,6988700.0,-0.58,-0.649,89.94667
219,2016-01-04,89.53,88.85,11397300.0,0.68,0.76,88.84333
220,2016-01-05,89.05,89.61,7883400.0,-0.56,-0.629,89.03333
221,2016-01-06,87.44,86.07,14511400.0,1.37,1.567,86.33667
222,2016-01-07,84.55,83.02,15368800.0,1.53,1.81,83.81333
223,2016-01-08,83.39,82.13,11891600.0,1.26,1.511,82.39667
224,2016-01-11,82.85,80.77,14366400.0,2.08,2.511,81.17
225,2016-01-12,82.2,82.15,13477500.0,0.05,0.061,81.41333
226,2016-01-13,83.16,81.33,15550100.0,1.83,2.201,81.86333
227,2016-01-14,81.95,85.47,16433400.0,-3.52,-4.295,84.19667
228,2016-01-15,81.64,83.67,17870300.0,-2.03,-2.487,82.78333
229,2016-01-19,84.17,81.51,13155600.0,2.66,3.16,82.35
230,2016-01-20,79.98,78.98,26151100.0,1.0,1.25,78.20667
231,2016-01-21,78.8,81.05,16107800.0,-2.25,-2.855,80.24
232,2016-01-22,84.46,83.54,15724600.0,0.92,1.089,83.48333
233,2016-01-25,82.29,80.89,12370300.0,1.4,1.701,81.99333
234,2016-01-26,81.97,84.12,12191400.0,-2.15,-2.623,83.32333
235,2016-01-27,83.95,83.29,12380600.0,0.66,0.786,83.91667
236,2016-01-28,85.75,85.92,13017400.0,-0.17,-0.198,85.43667
237,2016-01-29,84.05,86.47,20248900.0,-2.42,-2.879,85.37667
238,2016-02-01,85.15,85.29,10958300.0,-0.14,-0.164,85.20667
239,2016-02-02,82.71,81.24,13326200.0,1.47,1.777,81.74667
240,2016-02-03,82.39,84.62,13964100.0,-2.23,-2.707,83.03333
241,2016-02-04,84.59,84.79,12825000.0,-0.2,-0.236,84.93667
242,2016-02-05,83.94,82.88,15090100.0,1.06,1.263,83.14333
243,2016-02-08,81.76,85.99,17712800.0,-4.23,-5.174,84.59667
244,2016-02-09,85.08,82.92,12605600.0,2.16,2.539,83.62667
245,2016-02-10,82.77,83.04,12110300.0,-0.27,-0.326,82.81333
246,2016-02-11,81.6,82.99,12741400.0,-1.39,-1.703,82.43
247,2016-02-12,83.8,85.43,9835100.0,-1.63,-1.945,84.73667
248,2016-02-16,85.23,84.81,10631500.0,0.42,0.493,84.50333
249,2016-02-17,85.41,88.31,12710500.0,-2.9,-3.395,87.33
250,2016-02-18,88.75,86.73,9517800.0,2.02,2.276,87.53
251,2016-02-19,86.33,86.5,9783300.0,-0.17,-0.197,85.94667
252,2016-02-22,86.5,88.82,10299900.0,-2.32,-2.682,88.38667
253,2016-02-23,88.39,84.91,10655800.0,3.48,3.937,86.03
254,2016-02-24,83.33,85.27,9775200.0,-1.94,-2.328,84.55333
255,2016-02-25,85.67,85.3,9452600.0,0.37,0.432,84.91667
256,2016-02-26,86.97,84.35,9369900.0,2.62,3.013,85.24333
257,2016-02-29,84.94,83.44,11549600.0,1.5,1.766,83.90333
258,2016-03-01,84.12,86.13,11614700.0,-2.01,-2.389,85.34333
259,2016-03-02,85.4,87.14,9637600.0,-1.74,-2.037,86.24
260,2016-03-03,87.0,87.53,8526100.0,-0.53,-0.609,87.05
261,2016-03-04,87.42,87.93,9328600.0,-0.51,-0.583,87.75
262,2016-03-07,87.94,90.67,12784300.0,-2.73,-3.104,89.66
263,2016-03-08,90.38,88.74,10508400.0,1.64,1.815,89.38333
264,2016-03-09,89.7,92.82,19323100.0,-3.12,-3.478,92.31
265,2016-03-10,92.79,93.94,12090900.0,-1.15,-1.239,93.30333
266,2016-03-11,94.95,94.58,14098800.0,0.37,0.39,94.7
267,2016-03-14,93.57,94.26,6898900.0,-0.69,-0.737,94.06
268,2016-03-15,93.15,94.27,7006300.0,-1.12,-1.202,93.64
269,2016-03-16,94.72,95.4,9969200.0,-0.68,-0.718,95.08667
270,2016-03-17,96.25,96.89,10679400.0,-0.64,-0.665,96.64
271,2016-03-18,97.85,97.69,14436300.0,0.16,0.164,97.15333
272,2016-03-21,97.02,96.44,8040100.0,0.58,0.598,96.63
273,2016-03-22,95.75,95.5,7567100.0,0.25,0.261,95.91
274,2016-03-23,94.72,93.59,10302800.0,1.13,1.193,93.81333
275,2016-03-24,92.54,94.85,8159100.0,-2.31,-2.496,94.01333
276,2016-03-28,94.9,94.68,5054000.0,0.22,0.232,94.58667
277,2016-03-29,93.79,95.32,6616600.0,-1.53,-1.631,94.55
278,2016-03-30,96.35,95.25,6182900.0,1.1,1.142,95.7
279,2016-03-31,95.19,95.4,5943900.0,-0.21,-0.221,95.51667
280,2016-04-01,93.69,94.26,7555900.0,-0.57,-0.608,94.12
281,2016-04-04,94.44,93.43,6552000.0,1.01,1.069,93.65
282,2016-04-05,93.0,92.67,6662000.0,0.33,0.355,92.81667
283,2016-04-06,93.15,94.84,6836400.0,-1.69,-1.814,94.22
284,2016-04-07,94.37,94.79,6817700.0,-0.42,-0.445,94.63333
285,2016-04-08,96.25,96.33,7108500.0,-0.08,-0.083,96.32
286,2016-04-11,96.87,95.24,6644200.0,1.63,1.683,95.89667
287,2016-04-12,95.69,97.51,8783400.0,-1.82,-1.902,96.96
288,2016-04-13,97.8,97.6,6406800.0,0.2,0.204,97.51333
289,2016-04-14,97.65,97.98,6162200.0,-0.33,-0.338,97.87
290,2016-04-15,97.71,97.23,6551600.0,0.48,0.491,97.33
291,2016-04-18,97.23,98.7,7770200.0,-1.47,-1.512,97.66
292,2016-04-19,99.0,100.5,10584800.0,-1.5,-1.515,99.73
293,2016-04-20,100.08,101.69,10150500.0,-1.61,-1.609,101.35667
294,2016-04-21,101.64,101.4,8278600.0,0.24,0.236,101.77
295,2016-04-22,101.74,102.01,5754000.0,-0.27,-0.265,102.00333
296,2016-04-25,101.47,101.51,6612100.0,-0.04,-0.039,101.37
297,2016-04-26,102.05,102.29,5650700.0,-0.24,-0.235,102.32667
298,2016-04-27,102.9,103.85,8383600.0,-0.95,-0.923,103.39
299,2016-04-28,103.13,102.4,7598000.0,0.73,0.708,102.90333
300,2016-04-29,101.14,102.18,8826900.0,-1.04,-1.028,101.80667
301,2016-05-02,101.83,103.31,6844500.0,-1.48,-1.453,102.98667
302,2016-05-03,102.26,101.32,7033600.0,0.94,0.919,101.57333
303,2016-05-04,101.06,100.59,7444100.0,0.47,0.465,101.09333
304,2016-05-05,101.85,101.42,6474300.0,0.43,0.422,101.62667
305,2016-05-06,100.84,101.86,5966800.0,-1.02,-1.012,101.8
306,2016-05-09,101.62,100.35,9342100.0,1.27,1.25,100.41
307,2016-05-10,100.64,101.27,6698100.0,-0.63,-0.626,100.99
308,2016-05-11,101.24,101.14,6850700.0,0.1,0.099,101.01
309,2016-05-12,102.15,102.12,6532400.0,0.03,0.029,101.87333
310,2016-05-13,101.63,100.74,5665200.0,0.89,0.876,101.04667
311,2016-05-16,101.87,102.29,6779400.0,-0.42,-0.412,102.09667
312,2016-05-17,101.07,100.75,7028000.0,0.32,0.317,101.09
313,2016-05-18,100.9,100.06,5927500.0,0.84,0.833,100.25667
314,2016-05-19,99.26,99.85,6241100.0,-0.59,-0.594,99.48333
315,2016-05-20,100.3,99.79,4707100.0,0.51,0.508,99.89333
316,2016-05-23,99.18,99.38,4231200.0,-0.2,-0.202,99.52667
317,2016-05-24,99.94,100.19,4383300.0,-0.25,-0.25,100.19
318,2016-05-25,100.82,101.77,5428200.0,-0.95,-0.942,101.52333
319,2016-05-26,101.85,101.5,4147200.0,0.35,0.344,101.61333
320,2016-05-27,101.38,102.02,5008900.0,-0.64,-0.631,101.66667
321,2016-05-31,102.15,101.0,8141800.0,1.15,1.126,101.28333
322,2016-06-01,100.24,101.13,4815200.0,-0.89,-0.888,100.8
323,2016-06-02,100.4,100.53,6714100.0,-0.13,-0.129,100.27333
324,2016-06-03,100.65,100.66,4957800.0,-0.01,-0.01,100.6
325,2016-06-06,101.34,101.17,5948200.0,0.17,0.168,101.37667
326,2016-06-07,101.84,103.32,9807000.0,-1.48,-1.453,102.87667
327,2016-06-08,103.55,103.09,6318100.0,0.46,0.444,103.28
328,2016-06-09,102.04,102.81,4247500.0,-0.77,-0.755,102.65667
329,2016-06-10,102.47,101.98,8108400.0,0.49,0.478,102.07
330,2016-06-13,101.5,102.1,6360100.0,-0.6,-0.591,102.19333
331,2016-06-14,101.76,101.28,6924000.0,0.48,0.472,101.28333
332,2016-06-15,100.63,100.63,5627000.0,0.0,0.0,100.84
333,2016-06-16,99.97,101.07,8043000.0,-1.1,-1.1,100.36667
334,2016-06-17,101.44,101.57,8762200.0,-0.13,-0.128,101.23667
335,2016-06-20,102.88,102.61,6627000.0,0.27,0.262,102.87
336,2016-06-21,102.69,103.24,4938700.0,-0.55,-0.536,102.98667
337,2016-06-22,103.5,102.29,4866400.0,1.21,1.169,102.67667
338,2016-06-23,103.45,104.44,5593600.0,-0.99,-0.957,103.98667
339,2016-06-24,101.46,101.9,11481400.0,-0.44,-0.434,102.02667
340,2016-06-27,101.25,100.36,8248700.0,0.89,0.879,100.42667
341,2016-06-28,101.22,101.63,7171100.0,-0.41,-0.405,101.42333
342,2016-06-29,102.52,103.42,8887500.0,-0.9,-0.878,103.46667
343,2016-06-30,103.56,104.83,7649700.0,-1.27,-1.226,104.37
344,2016-07-01,104.78,104.15,6117800.0,0.63,0.601,104.27
345,2016-07-05,103.5,103.57,7766600.0,-0.07,-0.068,103.43
346,2016-07-06,103.26,104.58,6166900.0,-1.32,-1.278,103.88
347,2016-07-07,104.89,103.05,7707400.0,1.84,1.754,103.39667
348,2016-07-08,103.88,104.77,9043600.0,-0.89,-0.857,104.24667
349,2016-07-11,104.81,105.39,7206100.0,-0.58,-0.553,105.39667
350,2016-07-12,106.3,106.78,8377200.0,-0.48,-0.452,106.75333
351,2016-07-13,106.78,106.65,5959900.0,0.13,0.122,106.57
352,2016-07-14,107.2,106.7,4750900.0,0.5,0.466,106.90333
353,2016-07-15,107.33,107.03,6164300.0,0.3,0.28,106.98667
354,2016-07-18,106.67,106.09,4931500.0,0.58,0.544,106.28667
355,2016-07-19,105.98,106.04,4630800.0,-0.06,-0.057,105.98667
356,2016-07-20,105.93,105.59,6802000.0,0.34,0.321,105.57333
357,2016-07-21,105.4,105.39,5701000.0,0.01,0.009,105.37
358,2016-07-22,105.68,105.66,5255400.0,0.02,0.019,105.62
359,2016-07-25,104.86,103.07,7784000.0,1.79,1.707,103.65333
360,2016-07-26,102.57,102.68,6101100.0,-0.11,-0.107,102.64
361,2016-07-27,102.68,102.26,5412200.0,0.42,0.409,102.46
362,2016-07-28,102.09,101.79,8226200.0,0.3,0.294,101.66333
363,2016-07-29,100.53,102.48,10157600.0,-1.95,-1.94,101.66333
364,2016-08-01,101.33,99.11,11550600.0,2.22,2.191,99.94333
365,2016-08-02,99.52,99.59,9752700.0,-0.07,-0.07,99.19
366,2016-08-03,99.65,100.61,6611700.0,-0.96,-0.963,100.18
367,2016-08-04,100.28,100.39,6088100.0,-0.11,-0.11,100.49
368,2016-08-05,100.99,100.51,6710500.0,0.48,0.475,100.43333
369,2016-08-08,100.99,101.2,5447500.0,-0.21,-0.208,101.2
370,2016-08-09,101.85,101.32,4957300.0,0.53,0.52,101.36333
371,2016-08-10,101.65,100.14,5081300.0,1.51,1.485,100.63
372,2016-08-11,100.65,101.4,4836600.0,-0.75,-0.745,101.21667
373,2016-08-12,101.74,102.16,5199000.0,-0.42,-0.413,101.91667
374,2016-08-15,102.61,102.77,4886300.0,-0.16,-0.156,102.75
375,2016-08-16,102.77,102.62,5384300.0,0.15,0.146,102.62667
376,2016-08-17,101.5,102.22,5311600.0,-0.72,-0.709,101.84667
377,2016-08-18,102.63,103.55,6944400.0,-0.92,-0.896,103.07
378,2016-08-19,103.07,102.32,5057200.0,0.75,0.728,102.52333
379,2016-08-22,101.75,101.94,5494900.0,-0.19,-0.187,101.86
380,2016-08-23,102.03,101.68,4929700.0,0.35,0.343,101.78333
381,2016-08-24,101.4,102.2,5178300.0,-0.8,-0.789,101.92333
382,2016-08-25,102.29,101.89,4490100.0,0.4,0.391,101.90333
383,2016-08-26,102.11,101.32,4776200.0,0.79,0.774,101.55333
384,2016-08-29,101.24,102.05,4026900.0,-0.81,-0.8,101.76
385,2016-08-30,102.05,101.7,3712800.0,0.35,0.343,101.9
386,2016-08-31,101.2,100.58,6249100.0,0.62,0.613,100.61
387,2016-09-01,100.35,100.21,6045000.0,0.14,0.14,100.08667
388,2016-09-02,100.89,100.93,4676600.0,-0.04,-0.04,100.88333
389,2016-09-06,101.21,102.43,5429000.0,-1.22,-1.205,102.00333
390,2016-09-07,102.75,102.88,5284300.0,-0.13,-0.127,102.72333
391,2016-09-08,103.34,104.12,5788800.0,-0.78,-0.755,103.64667
392,2016-09-09,103.35,101.27,7808700.0,2.08,2.013,101.97
393,2016-09-12,101.2,102.25,8149100.0,-1.05,-1.038,101.79
394,2016-09-13,101.65,99.43,9300400.0,2.22,2.184,100.08333
395,2016-09-14,99.12,98.42,8201400.0,0.7,0.706,98.84667
396,2016-09-15,98.5,99.5,6701600.0,-1.0,-1.015,99.44
397,2016-09-16,98.33,97.84,12725600.0,0.49,0.498,98.06
398,2016-09-19,98.33,98.04,6182000.0,0.29,0.295,98.29333
399,2016-09-20,98.17,97.7,5771900.0,0.47,0.479,97.95333
400,2016-09-21,98.35,99.63,6361600.0,-1.28,-1.301,99.19
401,2016-09-22,100.52,99.98,5416700.0,0.54,0.537,100.19
402,2016-09-23,99.34,99.22,7396800.0,0.12,0.121,99.54667
403,2016-09-26,99.49,98.78,5781800.0,0.71,0.714,99.24
404,2016-09-27,98.24,98.98,6476100.0,-0.74,-0.753,98.81
405,2016-09-28,99.52,102.15,10190900.0,-2.63,-2.643,101.06
406,2016-09-29,102.0,101.27,8148400.0,0.73,0.716,101.34
407,2016-09-30,101.83,102.92,9431500.0,-1.09,-1.07,102.58333
408,2016-10-03,102.55,102.45,4334700.0,0.1,0.098,102.39667
409,2016-10-04,102.71,101.27,6505400.0,1.44,1.402,101.65
410,2016-10-05,101.99,102.23,5912800.0,-0.24,-0.235,102.28333
411,2016-10-06,102.32,102.18,4362900.0,0.14,0.137,102.07333
412,2016-10-07,102.5,102.27,5844500.0,0.23,0.224,102.64333
413,2016-10-10,103.21,103.98,5982700.0,-0.77,-0.746,103.87
414,2016-10-11,103.78,103.04,5337300.0,0.74,0.713,103.27333
415,2016-10-12,102.74,102.15,4935100.0,0.59,0.574,102.19333
416,2016-10-13,101.49,100.79,7883000.0,0.7,0.69,100.70667
417,2016-10-14,101.48,101.08,5114700.0,0.4,0.394,101.21667
418,2016-10-17,100.94,101.36,4540800.0,-0.42,-0.416,101.15667
419,2016-10-18,101.99,101.79,4720900.0,0.2,0.196,101.72
420,2016-10-19,102.47,102.27,5905700.0,0.2,0.195,102.73667
421,2016-10-20,101.64,101.87,4820900.0,-0.23,-0.226,101.59333
422,2016-10-21,101.06,101.3,5622400.0,-0.24,-0.237,101.16333
423,2016-10-24,101.56,100.66,6077300.0,0.9,0.886,100.76667
424,2016-10-25,100.75,100.77,4730700.0,-0.02,-0.02,100.98667
425,2016-10-26,100.32,101.19,6353700.0,-0.87,-0.867,100.86333
426,2016-10-27,101.51,99.92,9897800.0,1.59,1.566,100.60667
427,2016-10-28,101.12,103.82,17435400.0,-2.7,-2.67,103.26667
428,2016-10-31,103.82,104.75,12340800.0,-0.93,-0.896,104.66333
429,2016-11-01,105.51,106.48,12755600.0,-0.97,-0.919,106.22333
430,2016-11-02,105.65,105.39,8405200.0,0.26,0.246,105.23
431,2016-11-03,105.53,105.39,5703200.0,0.14,0.133,105.51
432,2016-11-04,105.25,104.78,7085400.0,0.47,0.447,104.88333
433,2016-11-07,106.0,106.85,7333800.0,-0.85,-0.802,106.53667
434,2016-11-08,106.57,107.29,8050000.0,-0.72,-0.676,107.3
435,2016-11-09,106.04,107.64,9161800.0,-1.6,-1.509,107.19667
436,2016-11-10,107.54,107.79,8739500.0,-0.25,-0.232,107.84333
437,2016-11-11,107.48,106.64,7939500.0,0.84,0.782,106.74333
438,2016-11-14,106.15,106.59,7656000.0,-0.44,-0.415,106.30333
439,2016-11-15,107.49,108.96,12156500.0,-1.47,-1.368,108.47333
440,2016-11-16,108.2,108.35,7723700.0,-0.15,-0.139,108.36333
441,2016-11-17,109.0,108.12,6638100.0,0.88,0.807,108.60333
442,2016-11-18,108.57,109.2,6815500.0,-0.63,-0.58,109.00667
443,2016-11-21,110.36,110.18,8476800.0,0.18,0.163,110.41667
444,2016-11-22,110.79,110.62,6440500.0,0.17,0.153,110.31
445,2016-11-23,110.4,111.0,4472700.0,-0.6,-0.543,110.83667
446,2016-11-25,110.54,111.0,3238600.0,-0.46,-0.416,110.78
447,2016-11-28,110.95,110.5,6406700.0,0.45,0.406,110.81667
448,2016-11-29,109.1,109.34,7461900.0,-0.24,-0.22,109.15333
449,2016-11-30,112.05,111.56,17301900.0,0.49,0.437,111.94667
450,2016-12-01,112.79,113.29,11792300.0,-0.5,-0.443,113.57667
451,2016-12-02,113.2,113.0,6167400.0,0.2,0.177,113.03
452,2016-12-05,113.39,113.25,6909800.0,0.14,0.123,113.58667
453,2016-12-06,112.39,112.76,6033600.0,-0.37,-0.329,112.82
454,2016-12-07,113.04,114.44,6434100.0,-1.4,-1.238,113.91333
455,2016-12-08,114.73,115.17,5519700.0,-0.44,-0.384,114.92333
456,2016-12-09,114.99,115.81,5771600.0,-0.82,-0.713,115.59
457,2016-12-12,117.77,117.15,10044700.0,0.62,0.526,117.57
458,2016-12-13,117.9,117.42,8644200.0,0.48,0.407,117.25333
459,2016-12-14,116.71,115.96,7878400.0,0.75,0.643,116.53333
460,2016-12-15,115.63,117.05,7458300.0,-1.42,-1.228,116.6
461,2016-12-16,117.84,118.08,13752300.0,-0.24,-0.204,118.02667
462,2016-12-19,118.37,117.65,5772500.0,0.72,0.608,117.84
463,2016-12-20,117.85,117.95,4319100.0,-0.1,-0.085,118.08333
464,2016-12-21,118.34,117.91,5024600.0,0.43,0.363,118.25667
465,2016-12-22,117.94,118.77,4992500.0,-0.83,-0.704,118.51
466,2016-12-23,118.41,118.42,2682900.0,-0.01,-0.008,118.39
467,2016-12-27,118.5,118.22,2986900.0,0.28,0.236,118.41
468,2016-12-28,118.31,117.91,4086700.0,0.4,0.338,118.17333
469,2016-12-29,118.01,117.82,3214500.0,0.19,0.161,117.90667
470,2016-12-30,117.44,117.7,5020500.0,-0.26,-0.221,117.75
471,2017-01-03,118.38,117.85,7404800.0,0.53,0.448,117.81333
472,2017-01-04,118.41,117.82,6679900.0,0.59,0.498,118.02333
473,2017-01-05,118.0,117.31,5928600.0,0.69,0.585,117.50333
474,2017-01-06,117.45,116.84,4762500.0,0.61,0.519,116.93333
475,2017-01-09,116.29,115.84,6891800.0,0.45,0.387,115.77
476,2017-01-10,115.56,114.96,6184400.0,0.6,0.519,115.41333
477,2017-01-11,115.15,115.93,6158200.0,-0.78,-0.677,115.74667
478,2017-01-12,116.5,116.16,4940000.0,0.34,0.292,116.18667
479,2017-01-13,115.86,116.38,4953000.0,-0.52,-0.449,116.29
480,2017-01-17,116.4,116.28,4669700.0,0.12,0.103,116.38667
481,2017-01-18,115.68,115.94,4855300.0,-0.26,-0.225,115.79333
482,2017-01-19,115.89,115.58,3427800.0,0.31,0.267,115.61
483,2017-01-20,116.32,115.6,6730900.0,0.72,0.619,115.89667
484,2017-01-23,115.12,115.39,5104100.0,-0.27,-0.235,115.44667
485,2017-01-24,115.85,116.37,5024400.0,-0.52,-0.449,116.36333
486,2017-01-25,116.9,117.24,5276800.0,-0.34,-0.291,117.00333
487,2017-01-26,117.5,116.55,6937300.0,0.95,0.809,116.95667
488,2017-01-27,113.53,113.79,11698900.0,-0.26,-0.229,113.78
489,2017-01-30,113.15,111.82,8252900.0,1.33,1.175,112.11333
490,2017-01-31,111.89,111.35,7951000.0,0.54,0.483,111.43667
491,2017-02-01,111.2,111.0,5889300.0,0.2,0.18,111.20667
492,2017-02-02,111.17,112.21,6289000.0,-1.04,-0.936,111.72
493,2017-02-03,112.41,113.57,6623500.0,-1.16,-1.032,113.33
494,2017-02-06,113.28,112.98,5637300.0,0.3,0.265,112.97667
495,2017-02-07,112.98,111.39,6038400.0,1.59,1.407,111.86667
496,2017-02-08,111.13,111.58,5188800.0,-0.45,-0.405,111.23
497,2017-02-09,111.58,112.26,4607800.0,-0.68,-0.609,112.15667
498,2017-02-10,112.75,113.05,6194300.0,-0.3,-0.266,112.95667
499,2017-02-13,113.36,113.91,4858500.0,-0.55,-0.485,113.65
500,2017-02-14,112.68,112.52,5811200.0,0.16,0.142,112.45667
501,2017-02-15,112.21,112.57,7048100.0,-0.36,-0.321,112.67333
502,2017-02-16,112.99,110.68,9478200.0,2.31,2.044,111.36667
503,2017-02-17,110.42,110.33,8111000.0,0.09,0.082,110.05667
504,2017-02-21,110.73,111.72,6619100.0,-0.99,-0.894,111.54333
505,2017-02-22,111.19,110.38,5732000.0,0.81,0.728,110.82333
506,2017-02-23,111.34,111.02,8659700.0,0.32,0.287,111.2
507,2017-02-24,110.9,110.12,6189400.0,0.78,0.703,110.20333
508,2017-02-27,110.65,111.75,7275800.0,-1.1,-0.994,111.46333
509,2017-02-28,111.66,112.5,7030200.0,-0.84,-0.752,112.25
510,2017-03-01,112.92,113.88,7353800.0,-0.96,-0.85,113.71667
511,2017-03-02,113.67,113.36,5892500.0,0.31,0.273,113.64667
512,2017-03-03,113.36,113.55,4905600.0,-0.19,-0.168,113.55
513,2017-03-06,113.25,113.17,4731900.0,0.08,0.071,113.11333
514,2017-03-07,113.54,111.81,6660300.0,1.73,1.524,112.46
515,2017-03-08,111.68,109.61,9071600.0,2.07,1.854,110.31
516,2017-03-09,109.31,110.04,7247400.0,-0.73,-0.668,109.57333
517,2017-03-10,111.4,110.61,6560300.0,0.79,0.709,110.48667
518,2017-03-13,110.51,109.35,6369300.0,1.16,1.05,109.82333
519,2017-03-14,108.47,107.36,9935700.0,1.11,1.023,107.68333
520,2017-03-15,108.08,108.88,9472100.0,-0.8,-0.74,108.46667
521,2017-03-16,108.81,107.86,8894700.0,0.95,0.873,108.06
522,2017-03-17,108.0,107.68,14353400.0,0.32,0.296,107.92667
523,2017-03-20,107.27,107.66,5301900.0,-0.39,-0.364,107.51
524,2017-03-21,108.06,108.04,7406300.0,0.02,0.019,107.89
525,2017-03-22,107.65,108.39,8106800.0,-0.74,-0.687,108.25333
526,2017-03-23,108.29,107.87,5451200.0,0.42,0.388,108.16
527,2017-03-24,107.93,107.99,6339900.0,-0.06,-0.056,108.03667
528,2017-03-27,107.0,106.28,6479400.0,0.72,0.673,106.48333
529,2017-03-28,106.28,107.17,6331500.0,-0.89,-0.837,107.01
530,2017-03-29,106.95,108.07,4919900.0,-1.12,-1.047,107.67667
531,2017-03-30,108.15,107.78,6797700.0,0.37,0.342,107.88667
532,2017-03-31,107.7,107.37,6159000.0,0.33,0.306,107.52
533,2017-04-03,107.22,107.8,5800900.0,-0.58,-0.541,107.38333
534,2017-04-04,107.88,108.66,4687400.0,-0.78,-0.723,108.13
535,2017-04-05,109.65,108.64,6398800.0,1.01,0.921,109.29
536,2017-04-06,109.12,109.29,3934500.0,-0.17,-0.156,109.23
537,2017-04-07,109.38,108.86,4889400.0,0.52,0.475,109.03667
538,2017-04-10,109.12,109.43,4812100.0,-0.31,-0.284,109.53333
539,2017-04-11,109.53,108.97,3956500.0,0.56,0.511,108.85667
540,2017-04-12,109.36,108.97,5053300.0,0.39,0.357,108.92667
541,2017-04-13,108.64,106.1,6894800.0,2.54,2.338,106.92333
542,2017-04-17,106.17,106.17,5278800.0,0.0,0.0,106.1
543,2017-04-18,105.81,105.68,4252700.0,0.13,0.123,105.89333
544,2017-04-19,105.89,104.23,6667900.0,1.66,1.568,104.73333
545,2017-04-20,104.4,104.88,4988100.0,-0.48,-0.46,104.97667
546,2017-04-21,104.8,104.89,5432600.0,-0.09,-0.086,104.87
547,2017-04-24,105.79,105.93,4538200.0,-0.14,-0.132,105.90333
548,2017-04-25,106.3,106.73,4619000.0,-0.43,-0.405,106.62667
549,2017-04-26,106.4,106.08,6687400.0,0.32,0.301,106.51
550,2017-04-27,105.96,105.47,5781800.0,0.49,0.462,105.37333
551,2017-04-28,107.05,106.7,6848400.0,0.35,0.327,106.76333
552,2017-05-01,106.26,105.92,4955500.0,0.34,0.32,106.13667
553,2017-05-02,106.11,105.36,5112200.0,0.75,0.707,105.66
554,2017-05-03,105.36,106.72,5663000.0,-1.36,-1.291,106.37
555,2017-05-04,106.24,104.81,8039900.0,1.43,1.346,105.09333
556,2017-05-05,104.92,105.79,5060000.0,-0.87,-0.829,105.46
557,2017-05-08,105.93,106.68,5175100.0,-0.75,-0.708,106.40667
558,2017-05-09,106.51,105.08,5024000.0,1.43,1.343,105.55
559,2017-05-10,105.82,106.5,5582800.0,-0.68,-0.643,106.29
560,2017-05-11,107.08,106.21,4632100.0,0.87,0.812,106.30667
561,2017-05-12,106.06,105.96,4488200.0,0.1,0.094,105.91
562,2017-05-15,107.15,106.85,6647500.0,0.3,0.28,107.08
563,2017-05-16,107.57,107.25,5001400.0,0.32,0.297,107.28333
564,2017-05-17,106.17,104.7,6384300.0,1.47,1.385,105.19667
565,2017-05-18,104.55,105.17,5618100.0,-0.62,-0.593,104.89667
566,2017-05-19,105.52,106.52,8383500.0,-1.0,-0.948,106.07
567,2017-05-22,107.09,106.12,4491100.0,0.97,0.906,106.32
568,2017-05-23,106.07,106.27,3457100.0,-0.2,-0.189,106.27
569,2017-05-24,106.1,106.22,3457200.0,-0.12,-0.113,106.10333
570,2017-05-25,106.1,105.11,5293800.0,0.99,0.933,105.51333
571,2017-05-26,105.05,104.72,3752500.0,0.33,0.314,104.87
572,2017-05-30,104.35,104.06,4288000.0,0.29,0.278,104.17333
573,2017-05-31,103.55,103.48,8037900.0,0.07,0.068,103.48
574,2017-06-01,103.69,104.27,4769400.0,-0.58,-0.559,103.99333
575,2017-06-02,103.82,103.11,5864000.0,0.71,0.684,103.27333
576,2017-06-05,102.8,103.19,4523300.0,-0.39,-0.379,103.13333
577,2017-06-06,103.11,104.17,4683900.0,-1.06,-1.028,103.79333
578,2017-06-07,103.97,103.77,7197100.0,0.2,0.192,103.58333
579,2017-06-08,103.77,104.0,6493600.0,-0.23,-0.222,104.06
580,2017-06-09,104.01,106.4,6595600.0,-2.39,-2.298,105.63333
581,2017-06-12,106.4,108.04,8690600.0,-1.64,-1.541,107.62333
582,2017-06-13,108.34,108.13,6099700.0,0.21,0.194,107.92667
583,2017-06-14,107.91,106.6,6202300.0,1.31,1.214,106.77667
584,2017-06-15,106.5,106.33,5441400.0,0.17,0.16,106.33333
585,2017-06-16,106.94,108.35,11633900.0,-1.41,-1.318,107.64
586,2017-06-19,108.31,107.46,4577800.0,0.85,0.785,107.66
587,2017-06-20,106.25,106.48,5171200.0,-0.23,-0.216,106.15333
588,2017-06-21,105.89,104.49,6989400.0,1.4,1.322,105.10333
589,2017-06-22,104.48,104.45,4197400.0,0.03,0.029,104.54333
590,2017-06-23,104.25,105.0,5773300.0,-0.75,-0.719,104.88667
591,2017-06-26,105.03,104.14,3602500.0,0.89,0.847,104.45333
592,2017-06-27,104.73,104.07,4170300.0,0.66,0.63,104.33
593,2017-06-28,104.43,104.28,4162300.0,0.15,0.144,104.40667
594,2017-06-29,104.38,104.12,4288600.0,0.26,0.249,104.44
595,2017-06-30,104.53,104.33,5497000.0,0.2,0.191,104.31333
596,2017-07-03,104.24,106.3,4419100.0,-2.06,-1.976,105.83333
597,2017-07-05,105.99,104.62,4482700.0,1.37,1.293,105.06333
598,2017-07-06,104.67,103.82,5084800.0,0.85,0.812,104.22
599,2017-07-07,103.59,103.49,6457000.0,0.1,0.097,103.35333
600,2017-07-10,103.44,103.04,4629000.0,0.4,0.387,103.07333
601,2017-07-11,103.15,103.12,4322400.0,0.03,0.029,103.05667
602,2017-07-12,104.0,103.89,3978100.0,0.11,0.106,104.03667
603,2017-07-13,103.8,104.13,4439100.0,-0.33,-0.318,103.93333
604,2017-07-14,104.38,104.44,3644300.0,-0.06,-0.057,104.27
605,2017-07-17,104.32,104.21,5572400.0,0.11,0.105,104.42
606,2017-07-18,104.6,103.72,4339400.0,0.88,0.841,103.94333
607,2017-07-19,103.56,104.46,4932000.0,-0.9,-0.869,104.15
608,2017-07-20,105.0,104.63,5367800.0,0.37,0.352,104.60667
609,2017-07-21,104.18,103.25,5304100.0,0.93,0.893,103.59333
610,2017-07-24,103.18,103.2,4080400.0,-0.02,-0.019,103.23
611,2017-07-25,104.45,104.39,7093800.0,0.06,0.057,104.62
612,2017-07-26,104.63,105.12,5881400.0,-0.49,-0.468,105.13333
613,2017-07-27,104.88,106.11,5888400.0,-1.23,-1.173,105.68
614,2017-07-28,106.71,108.12,7812600.0,-1.41,-1.321,107.87
615,2017-07-31,108.39,109.19,7561200.0,-0.8,-0.738,109.11333
616,2017-08-01,109.54,110.78,8162900.0,-1.24,-1.132,110.39
617,2017-08-02,110.39,110.46,6212300.0,-0.07,-0.063,110.50333
618,2017-08-03,110.23,109.43,5605400.0,0.8,0.726,109.64333
619,2017-08-04,109.43,110.11,4643500.0,-0.68,-0.621,109.91333
620,2017-08-07,109.81,109.78,4762800.0,0.03,0.027,109.88333
621,2017-08-08,110.0,110.35,4107300.0,-0.35,-0.318,110.27667
622,2017-08-09,110.74,110.89,3966800.0,-0.15,-0.135,110.85333
623,2017-08-10,111.23,110.11,4950700.0,1.12,1.007,110.52667
624,2017-08-11,110.2,109.23,3383000.0,0.97,0.88,109.61667
625,2017-08-14,109.26,108.71,4286100.0,0.55,0.503,108.95
626,2017-08-15,108.75,108.57,5310700.0,0.18,0.166,108.33333
627,2017-08-16,107.63,106.84,4186600.0,0.79,0.734,107.15
628,2017-08-17,106.61,105.92,5870300.0,0.69,0.647,106.23333
629,2017-08-18,105.84,106.48,5467400.0,-0.64,-0.605,106.44
630,2017-08-21,106.48,105.78,3560400.0,0.7,0.657,105.85333
631,2017-08-22,105.99,106.36,5630900.0,-0.37,-0.349,106.36333
632,2017-08-23,106.21,106.61,4185800.0,-0.4,-0.377,106.59333
633,2017-08-24,106.5,107.44,5059700.0,-0.94,-0.883,107.14667
634,2017-08-25,107.82,108.23,4384200.0,-0.41,-0.38,108.15333
635,2017-08-28,108.54,107.76,3681600.0,0.78,0.719,107.87333
636,2017-08-29,107.43,107.86,3230600.0,-0.43,-0.4,107.65
637,2017-08-30,107.58,107.73,3126000.0,-0.15,-0.139,107.55667
638,2017-08-31,108.0,107.62,5508200.0,0.38,0.352,107.78333
639,2017-09-01,107.68,108.76,3660300.0,-1.08,-1.003,108.47667
640,2017-09-05,109.36,109.44,5198500.0,-0.08,-0.073,109.46667
641,2017-09-06,110.0,111.79,8577300.0,-1.79,-1.627,111.27333
642,2017-09-07,112.18,111.8,5937800.0,0.38,0.339,112.01
643,2017-09-08,111.59,110.78,4033100.0,0.81,0.726,111.02
644,2017-09-11,111.83,112.52,5973400.0,-0.69,-0.617,112.20333
645,2017-09-12,112.82,112.49,5110100.0,0.33,0.293,112.43333
646,2017-09-13,112.49,114.18,5889400.0,-1.69,-1.502,113.59333
647,2017-09-14,114.26,114.45,5819100.0,-0.19,-0.166,114.65667
648,2017-09-15,114.83,114.63,8387600.0,0.2,0.174,114.39
649,2017-09-18,114.42,115.19,4954600.0,-0.77,-0.673,114.91
650,2017-09-19,115.25,116.34,6188000.0,-1.09,-0.946,115.98333
651,2017-09-20,116.5,116.37,5378200.0,0.13,0.112,116.57333
652,2017-09-21,116.22,116.47,4334500.0,-0.25,-0.215,116.27333
653,2017-09-22,116.41,117.29,5307100.0,-0.88,-0.756,117.13
654,2017-09-25,117.23,117.99,5980300.0,-0.76,-0.648,117.78
655,2017-09-26,117.79,117.52,4874700.0,0.27,0.229,117.6
656,2017-09-27,117.46,117.45,3926800.0,0.01,0.009,117.27333
657,2017-09-28,117.17,117.62,4949000.0,-0.45,-0.384,117.59
658,2017-09-29,117.17,117.5,4874800.0,-0.33,-0.282,117.25
659,2017-10-02,116.42,117.43,4285600.0,-1.01,-0.868,116.91667
660,2017-10-03,117.08,117.82,3892200.0,-0.74,-0.632,117.69333
661,2017-10-04,117.82,117.58,3443400.0,0.24,0.204,117.52667
662,2017-10-05,117.45,118.58,5470900.0,-1.13,-0.962,118.2
663,2017-10-06,117.95,117.03,3533300.0,0.92,0.78,117.32667
664,2017-10-09,117.34,117.71,2951900.0,-0.37,-0.315,117.6
665,2017-10-10,118.4,118.8,5683100.0,-0.4,-0.338,118.97
666,2017-10-11,119.21,119.33,3926100.0,-0.12,-0.101,119.14333
667,2017-10-12,118.49,119.14,3929700.0,-0.65,-0.549,119.03333
668,2017-10-13,119.79,119.16,4640100.0,0.63,0.526,119.41
669,2017-10-16,119.84,120.13,5500700.0,-0.29,-0.242,120.15
670,2017-10-17,120.23,120.22,4844300.0,0.01,0.008,120.26333
671,2017-10-18,119.4,118.15,5505100.0,1.25,1.047,118.72
672,2017-10-19,118.06,118.2,4576600.0,-0.14,-0.119,118.29667
673,2017-10-20,118.61,118.64,4924300.0,-0.03,-0.025,118.49667
674,2017-10-23,118.72,118.93,3872400.0,-0.21,-0.177,118.89333
675,2017-10-24,119.48,119.23,4472400.0,0.25,0.209,119.40667
676,2017-10-25,119.0,118.44,4553100.0,0.56,0.471,118.67667
677,2017-10-26,118.78,118.44,4092900.0,0.34,0.286,118.52667
678,2017-10-27,116.13,113.54,14534100.0,2.59,2.23,114.17
679,2017-10-30,113.17,114.39,7517800.0,-1.22,-1.078,114.11
680,2017-10-31,114.45,115.89,7154800.0,-1.44,-1.258,115.36333
681,2017-11-01,116.3,115.9,5030300.0,0.4,0.344,116.07333
682,2017-11-02,116.21,115.33,4329600.0,0.88,0.757,115.50333
683,2017-11-03,115.48,114.99,4101800.0,0.49,0.424,115.15667
684,2017-11-06,115.37,117.04,5950300.0,-1.67,-1.448,116.39667
685,2017-11-07,117.38,117.24,5219500.0,0.14,0.119,117.24
686,2017-11-08,116.78,116.67,5092800.0,0.11,0.094,116.57333
687,2017-11-09,115.9,117.24,5103300.0,-1.34,-1.156,116.78667
688,2017-11-10,116.71,117.18,5156900.0,-0.47,-0.403,116.86333
689,2017-11-13,117.22,117.23,4279200.0,-0.01,-0.009,117.22667
690,2017-11-14,116.82,116.92,6996500.0,-0.1,-0.086,116.81
691,2017-11-15,116.21,116.45,5372600.0,-0.24,-0.207,116.58333
692,2017-11-16,115.25,114.57,5888700.0,0.68,0.59,114.92333
693,2017-11-17,114.67,114.71,4337500.0,-0.04,-0.035,114.53333
694,2017-11-20,114.77,114.72,4634200.0,0.05,0.044,114.73
695,2017-11-21,115.14,115.17,4596000.0,-0.03,-0.026,115.31667
696,2017-11-22,115.49,115.91,3951000.0,-0.42,-0.364,116.00333
697,2017-11-24,116.55,116.51,1744200.0,0.04,0.034,116.55667
698,2017-11-27,115.85,115.59,4490300.0,0.26,0.224,115.62
699,2017-11-28,115.92,116.45,4004700.0,-0.53,-0.457,116.33333
700,2017-11-29,116.2,117.18,3661000.0,-0.98,-0.843,116.75333
701,2017-11-30,117.26,118.99,7896600.0,-1.73,-1.475,118.45667
702,2017-12-01,119.81,119.51,6831800.0,0.3,0.25,119.49667
703,2017-12-04,119.81,120.84,7366400.0,-1.03,-0.86,120.83667
704,2017-12-05,120.54,120.39,4380700.0,0.15,0.124,120.64667
705,2017-12-06,119.99,119.61,4852500.0,0.38,0.317,120.00333
706,2017-12-07,119.5,119.63,4908500.0,-0.13,-0.109,119.56333
707,2017-12-08,119.96,119.92,4122200.0,0.04,0.033,119.75333
708,2017-12-11,120.29,120.42,5929700.0,-0.13,-0.108,120.55
709,2017-12-12,119.81,119.68,4300200.0,0.13,0.109,119.99333
710,2017-12-13,119.43,119.93,4399800.0,-0.5,-0.419,119.59333
711,2017-12-14,119.81,119.53,3736900.0,0.28,0.234,119.77
712,2017-12-15,120.44,119.73,11226900.0,0.71,0.59,119.90333
713,2017-12-18,119.92,119.7,4654100.0,0.22,0.183,120.20333
714,2017-12-19,120.32,119.84,4599300.0,0.48,0.399,120.03333
715,2017-12-20,120.28,120.89,6286700.0,-0.61,-0.507,120.61333
716,2017-12-21,121.39,124.82,10109000.0,-3.43,-2.826,123.74667
717,2017-12-22,124.85,124.98,4735100.0,-0.13,-0.104,125.06667
718,2017-12-26,125.23,125.98,3348500.0,-0.75,-0.599,125.72333
719,2017-12-27,125.96,125.55,3452300.0,0.41,0.326,125.62667
720,2017-12-28,125.69,125.58,2191800.0,0.11,0.088,125.58667
721,2017-12-29,125.36,125.19,3829000.0,0.17,0.136,125.45333
722,2018-01-02,125.71,127.58,5626000.0,-1.87,-1.488,126.95333
723,2018-01-03,127.46,128.51,5805500.0,-1.05,-0.824,128.11667
724,2018-01-04,127.95,128.11,4598300.0,-0.16,-0.125,127.89333
725,2018-01-05,127.97,127.9,4189200.0,0.07,0.055,127.7
726,2018-01-08,127.86,128.53,4826100.0,-0.67,-0.524,128.26333
727,2018-01-09,128.43,127.84,4422300.0,0.59,0.459,128.19
728,2018-01-10,128.31,128.66,5292200.0,-0.35,-0.273,128.40667
729,2018-01-11,128.92,132.57,11641300.0,-3.65,-2.831,131.55
730,2018-01-12,132.19,133.6,7232900.0,-1.41,-1.067,133.18667
731,2018-01-16,133.67,132.01,6254200.0,1.66,1.242,132.49667
732,2018-01-17,132.19,132.36,5632700.0,-0.17,-0.129,132.04
733,2018-01-18,132.35,131.59,5890000.0,0.76,0.574,131.70667
734,2018-01-19,131.83,131.3,6048900.0,0.53,0.402,131.17
735,2018-01-22,131.3,132.56,5248800.0,-1.26,-0.96,132.13333
736,2018-01-23,132.38,131.02,5747300.0,1.36,1.027,131.43667
737,2018-01-24,131.38,131.39,6868200.0,-0.01,-0.008,131.71
738,2018-01-25,131.76,130.65,4597200.0,1.11,0.842,130.95333
739,2018-01-26,130.71,131.19,6310500.0,-0.48,-0.367,131.10333
740,2018-01-29,130.06,128.48,6350700.0,1.58,1.215,129.46
741,2018-01-30,127.61,125.23,8084000.0,2.38,1.865,126.14333
742,2018-01-31,125.42,125.35,9626800.0,0.07,0.056,125.07333
743,2018-02-01,125.6,125.57,7844500.0,0.03,0.024,125.08667
744,2018-02-02,123.95,118.58,13182600.0,5.37,4.332,120.05667
745,2018-02-05,116.99,112.62,15414700.0,4.37,3.735,112.98
746,2018-02-06,111.2,117.18,18416300.0,-5.98,-5.378,115.19
747,2018-02-07,117.4,115.29,11535700.0,2.11,1.797,116.59667
748,2018-02-08,115.17,112.3,9927500.0,2.87,2.492,113.46667
749,2018-02-09,113.34,113.5,10922400.0,-0.16,-0.141,112.54
750,2018-02-12,114.8,113.98,8358200.0,0.82,0.714,114.24667
751,2018-02-13,113.34,113.29,7065900.0,0.05,0.044,112.92
752,2018-02-14,112.5,113.63,7031900.0,-1.13,-1.004,113.02667
753,2018-02-15,112.86,112.53,5405000.0,0.33,0.292,112.13
754,2018-02-16,112.35,112.14,5950400.0,0.21,0.187,112.09667
755,2018-02-20,112.28,110.98,6810900.0,1.3,1.158,111.44
756,2018-02-21,111.14,109.06,6892300.0,2.08,1.872,110.06
757,2018-02-22,109.55,109.89,8176700.0,-0.34,-0.31,110.07667
758,2018-02-23,110.46,112.59,6460200.0,-2.13,-1.928,111.86
759,2018-02-26,113.18,114.6,7405800.0,-1.42,-1.255,114.03667
760,2018-02-27,114.87,113.61,6059700.0,1.26,1.097,114.42333
761,2018-02-28,115.02,111.92,7441000.0,3.1,2.695,113.08667
762,2018-03-01,111.53,112.04,7516700.0,-0.51,-0.457,112.30333
763,2018-03-02,111.5,111.64,6607300.0,-0.14,-0.126,111.21667
764,2018-03-05,111.4,113.15,7814900.0,-1.75,-1.571,112.5
765,2018-03-06,113.85,113.65,7957900.0,0.2,0.176,114.06333
766,2018-03-07,112.95,113.84,6660000.0,-0.89,-0.788,113.85
767,2018-03-08,114.6,113.35,6095100.0,1.25,1.091,113.56667
768,2018-03-09,114.31,117.22,8833300.0,-2.91,-2.546,116.28333
769,2018-03-12,117.5,116.79,6877000.0,0.71,0.604,117.23333
770,2018-03-13,117.23,116.46,6793100.0,0.77,0.657,116.88
771,2018-03-14,116.98,115.13,5051000.0,1.85,1.581,115.81333
772,2018-03-15,115.36,115.58,4519700.0,-0.22,-0.191,115.51333
773,2018-03-16,115.4,115.4,14909400.0,0.0,0.0,115.38333
774,2018-03-19,115.07,113.89,4803500.0,1.18,1.025,114.11333
775,2018-03-20,114.55,114.5,4587200.0,0.05,0.044,114.88
776,2018-03-21,114.98,117.04,6829600.0,-2.06,-1.792,116.65
777,2018-03-22,115.55,113.7,6297200.0,1.85,1.601,114.30667
778,2018-03-23,114.37,112.98,6227200.0,1.39,1.215,113.81667
779,2018-03-26,114.24,115.35,6868700.0,-1.11,-0.972,114.73
780,2018-03-27,115.75,114.66,5530800.0,1.09,0.942,115.16667
781,2018-03-28,114.93,112.1,6985300.0,2.83,2.462,113.14
782,2018-03-29,112.29,114.04,6627800.0,-1.75,-1.558,113.58333
783,2018-04-02,113.89,112.24,6228600.0,1.65,1.449,112.39
784,2018-04-03,112.52,114.83,6717300.0,-2.31,-2.053,113.96667
785,2018-04-04,113.05,114.48,5727200.0,-1.43,-1.265,113.9
786,2018-04-05,114.88,117.29,7204900.0,-2.41,-2.098,116.62667
787,2018-04-06,116.38,114.76,7094500.0,1.62,1.392,115.05333
788,2018-04-09,115.3,115.98,6933800.0,-0.68,-0.59,116.01
789,2018-04-10,117.6,118.85,7612800.0,-1.25,-1.063,118.76
790,2018-04-11,118.69,119.25,6246800.0,-0.56,-0.472,118.79333
791,2018-04-12,119.71,119.23,6702000.0,0.48,0.401,119.51667
792,2018-04-13,119.52,119.92,5508100.0,-0.4,-0.335,119.97667
793,2018-04-16,120.6,120.7,4598000.0,-0.1,-0.083,120.72667
794,2018-04-17,120.94,121.46,6488300.0,-0.52,-0.43,121.34
795,2018-04-18,122.46,123.82,9132500.0,-1.36,-1.111,123.70333
796,2018-04-19,123.97,123.71,7159400.0,0.26,0.21,123.97333
797,2018-04-20,123.38,122.31,7561200.0,1.07,0.867,122.41
798,2018-04-23,122.0,123.58,6113100.0,-1.58,-1.295,122.99667
799,2018-04-24,124.36,122.54,7980500.0,1.82,1.463,123.11
800,2018-04-25,122.34,122.72,5331100.0,-0.38,-0.311,122.24667
801,2018-04-26,122.67,124.22,6268400.0,-1.55,-1.264,123.60667
802,2018-04-27,125.5,126.62,8836600.0,-1.12,-0.892,126.11667
803,2018-04-30,127.02,125.11,7631600.0,1.91,1.504,126.02
804,2018-05-01,124.03,124.86,7093700.0,-0.83,-0.669,124.28667
805,2018-05-02,124.2,125.49,5909100.0,-1.29,-1.039,125.35
806,2018-05-03,124.59,126.01,6727700.0,-1.42,-1.14,125.32
807,2018-05-04,125.21,125.53,5403100.0,-0.32,-0.256,125.69333
808,2018-05-07,126.59,124.94,6999700.0,1.65,1.303,125.92667
809,2018-05-08,124.93,126.57,8937000.0,-1.64,-1.313,125.65
810,2018-05-09,128.42,128.72,11442700.0,-0.3,-0.234,129.07667
811,2018-05-10,129.69,128.82,5446000.0,0.87,0.671,128.99667
812,2018-05-11,129.39,129.84,8092300.0,-0.45,-0.348,129.70667
813,2018-05-14,130.25,130.39,6212400.0,-0.14,-0.107,130.42333
814,2018-05-15,130.24,129.74,5201700.0,0.5,0.384,129.75333
815,2018-05-16,129.29,129.56,5405100.0,-0.27,-0.209,129.19333
816,2018-05-17,128.76,129.46,5241600.0,-0.7,-0.544,129.13667
817,2018-05-18,128.92,127.86,6385800.0,1.06,0.822,128.27
818,2018-05-21,128.79,129.37,5081200.0,-0.58,-0.45,129.01667
819,2018-05-22,129.09,128.23,5444200.0,0.86,0.666,128.90667
820,2018-05-23,127.09,128.7,6017200.0,-1.61,-1.267,128.01333
821,2018-05-24,127.4,126.61,5906200.0,0.79,0.62,126.62
822,2018-05-25,124.54,122.19,8936600.0,2.35,1.887,122.72333
823,2018-05-29,121.1,121.39,7385700.0,-0.29,-0.239,121.29333
824,2018-05-30,122.65,125.16,7125300.0,-2.51,-2.046,124.39
825,2018-05-31,124.08,124.3,7460700.0,-0.22,-0.177,124.19333
826,2018-06-01,125.49,123.85,5749900.0,1.64,1.307,124.27667
827,2018-06-04,124.53,122.26,5760500.0,2.27,1.823,123.28
828,2018-06-05,122.01,122.73,5672600.0,-0.72,-0.59,122.66333
829,2018-06-06,123.12,123.38,6213400.0,-0.26,-0.211,123.04333
830,2018-06-07,124.54,126.96,8607200.0,-2.42,-1.943,126.45
831,2018-06-08,127.12,126.44,5108800.0,0.68,0.535,126.5
832,2018-06-11,126.77,127.56,6085100.0,-0.79,-0.623,127.20333
833,2018-06-12,127.64,127.08,4543000.0,0.56,0.439,127.26333
834,2018-06-13,126.81,127.07,6317900.0,-0.26,-0.205,126.99333
835,2018-06-14,127.38,126.51,5056800.0,0.87,0.683,126.95
836,2018-06-15,127.1,124.04,13223800.0,3.06,2.408,125.0
837,2018-06-18,124.35,125.97,7696800.0,-1.62,-1.303,125.68333
838,2018-06-19,124.32,125.54,5947800.0,-1.22,-0.981,125.10333
839,2018-06-20,126.12,125.29,7980700.0,0.83,0.658,125.35
840,2018-06-21,124.5,122.59,7290800.0,1.91,1.534,123.11333
841,2018-06-22,125.41,125.1,8535200.0,0.31,0.247,125.49667
842,2018-06-25,124.43,122.61,5801900.0,1.82,1.463,123.06
843,2018-06-26,123.03,124.16,4592800.0,-1.13,-0.918,123.78
844,2018-06-27,125.15,126.0,6339500.0,-0.85,-0.679,126.16
845,2018-06-28,126.54,125.66,3814800.0,0.88,0.695,125.84
846,2018-06-29,125.74,126.43,5669700.0,-0.69,-0.549,126.63333
847,2018-07-02,125.28,124.25,5073500.0,1.03,0.822,124.36667
848,2018-07-03,125.46,124.73,3919600.0,0.73,0.582,125.32333
849,2018-07-05,126.11,123.98,5926900.0,2.13,1.689,124.68333
850,2018-07-06,123.52,124.14,4020000.0,-0.62,-0.502,123.95
851,2018-07-09,125.0,125.99,4602200.0,-0.99,-0.792,125.65333
852,2018-07-10,127.33,127.59,5092100.0,-0.26,-0.204,127.61667
853,2018-07-11,126.23,123.52,6631800.0,2.71,2.147,124.39
854,2018-07-12,124.44,124.26,3745200.0,0.18,0.145,124.26667
855,2018-07-13,124.2,124.04,3352800.0,0.16,0.129,124.18333
856,2018-07-16,123.01,122.98,4317800.0,0.03,0.024,122.91333
857,2018-07-17,122.36,121.91,4135200.0,0.45,0.368,122.22333
858,2018-07-18,121.24,121.53,6061300.0,-0.29,-0.239,120.95667
859,2018-07-19,121.1,121.67,4471400.0,-0.57,-0.471,121.60667
860,2018-07-20,121.25,122.27,5394700.0,-1.02,-0.841,121.87667
861,2018-07-23,122.35,121.33,5359400.0,1.02,0.834,121.85333
862,2018-07-24,121.87,123.85,4423500.0,-1.98,-1.625,123.29
863,2018-07-25,123.62,124.9,4278800.0,-1.28,-1.035,124.46667
864,2018-07-26,124.7,123.95,5544100.0,0.75,0.601,124.37667
865,2018-07-27,122.79,125.97,7580900.0,-3.18,-2.59,125.03
866,2018-07-30,126.76,127.83,5729300.0,-1.07,-0.844,127.48667
867,2018-07-31,128.0,126.27,5894400.0,1.73,1.352,126.98333
868,2018-08-01,125.31,125.39,4661000.0,-0.08,-0.064,125.35333
869,2018-08-02,124.44,123.76,4639600.0,0.68,0.546,123.95667
870,2018-08-03,124.15,124.05,5299400.0,0.1,0.081,123.87667
871,2018-08-06,124.42,124.3,4455900.0,0.12,0.096,124.26
872,2018-08-07,125.54,125.18,4542000.0,0.36,0.287,125.21
873,2018-08-08,124.52,123.88,5957200.0,0.64,0.514,123.99667
874,2018-08-09,123.96,122.53,5218300.0,1.43,1.154,123.05333
875,2018-08-10,122.17,123.34,6128000.0,-1.17,-0.958,122.78667
876,2018-08-13,123.31,122.44,4360000.0,0.87,0.706,122.79333
877,2018-08-14,122.92,122.58,3622200.0,0.34,0.277,122.74333
878,2018-08-15,121.7,117.94,9476700.0,3.76,3.09,119.03333
879,2018-08-16,117.7,117.66,5455200.0,0.04,0.034,117.71667
880,2018-08-17,118.15,117.8,6112900.0,0.35,0.296,117.82333
881,2018-08-20,118.0,117.75,5403600.0,0.25,0.212,117.8
882,2018-08-21,118.38,117.94,4875800.0,0.44,0.372,118.22
883,2018-08-22,118.54,118.92,3636900.0,-0.38,-0.321,118.93333
884,2018-08-23,118.39,118.1,3962500.0,0.29,0.245,118.20667
885,2018-08-24,118.9,119.01,4415400.0,-0.11,-0.093,119.09
886,2018-08-27,119.36,120.35,3901900.0,-0.99,-0.829,120.0
887,2018-08-28,120.6,119.86,4685700.0,0.74,0.614,120.31667
888,2018-08-29,120.0,120.22,4101700.0,-0.22,-0.183,120.31
889,2018-08-30,120.08,119.81,3353000.0,0.27,0.225,119.93
890,2018-08-31,119.4,118.46,5287000.0,0.94,0.787,118.65
891,2018-09-04,118.93,118.87,4590900.0,0.06,0.05,118.95
892,2018-09-05,118.06,118.92,4619400.0,-0.86,-0.728,118.37333
893,2018-09-06,117.89,115.23,8191100.0,2.66,2.256,116.29333
894,2018-09-07,114.52,114.6,6637800.0,-0.08,-0.07,114.44667
895,2018-09-10,115.43,114.48,5870900.0,0.95,0.823,114.86
896,2018-09-11,114.34,115.02,5605300.0,-0.68,-0.595,114.84
897,2018-09-12,116.42,115.79,5067800.0,0.63,0.541,116.34667
898,2018-09-13,116.01,116.3,6297700.0,-0.29,-0.25,115.96667
899,2018-09-14,116.43,117.38,4947800.0,-0.95,-0.816,117.11333
900,2018-09-17,117.61,117.51,5560200.0,0.1,0.085,117.82333
901,2018-09-18,118.5,118.13,4966300.0,0.37,0.312,118.33667
902,2018-09-19,118.33,119.51,4855300.0,-1.18,-0.997,119.22333
903,2018-09-20,120.19,119.42,5846700.0,0.77,0.641,119.95
904,2018-09-21,119.91,121.13,13703600.0,-1.22,-1.017,120.6
905,2018-09-24,121.91,122.62,6534100.0,-0.71,-0.582,122.39
906,2018-09-25,123.5,123.37,5396400.0,0.13,0.105,123.51667
907,2018-09-26,122.99,121.95,4231400.0,1.04,0.846,122.37
908,2018-09-27,122.16,122.47,4533400.0,-0.31,-0.254,122.39333
909,2018-09-28,121.99,122.28,5202900.0,-0.29,-0.238,122.41667
910,2018-10-01,123.11,124.39,5348200.0,-1.28,-1.04,124.12667
911,2018-10-02,125.07,124.74,5445400.0,0.33,0.264,124.94
912,2018-10-03,125.13,125.31,4479500.0,-0.18,-0.144,125.31
913,2018-10-04,124.79,124.95,4824300.0,-0.16,-0.128,124.91
914,2018-10-05,124.93,125.33,4318000.0,-0.4,-0.32,125.32333
915,2018-10-08,124.05,124.84,6267700.0,-0.79,-0.637,124.71
916,2018-10-09,125.51,126.82,6797900.0,-1.31,-1.044,126.44333
917,2018-10-10,127.23,122.6,6504400.0,4.63,3.639,124.22
918,2018-10-11,122.43,118.43,8589900.0,4.0,3.267,119.46667
919,2018-10-12,119.53,117.77,7450700.0,1.76,1.472,117.87667
920,2018-10-15,117.7,116.94,6047300.0,0.76,0.646,117.57
921,2018-10-16,117.09,117.51,4846100.0,-0.42,-0.359,117.17667
922,2018-10-17,117.21,117.29,6978700.0,-0.08,-0.068,117.0
923,2018-10-18,117.42,117.47,7391600.0,-0.05,-0.043,117.22
924,2018-10-19,117.37,118.14,7944400.0,-0.77,-0.656,118.25667
925,2018-10-22,118.1,117.21,5644900.0,0.89,0.754,117.39333
926,2018-10-23,115.72,113.4,8095300.0,2.32,2.005,113.72333
927,2018-10-24,113.72,110.21,8035200.0,3.51,3.087,111.48667
928,2018-10-25,111.36,111.58,5734000.0,-0.22,-0.198,111.80333
929,2018-10-26,110.63,111.53,8035500.0,-0.9,-0.814,111.22
930,2018-10-29,112.04,108.93,8598300.0,3.11,2.776,109.51333
931,2018-10-30,109.62,110.85,7523800.0,-1.23,-1.122,110.05
932,2018-10-31,111.71,111.65,7429800.0,0.06,0.054,111.73333
933,2018-11-01,111.77,111.17,10572000.0,0.6,0.537,111.08667
934,2018-11-02,114.85,114.73,9890400.0,0.12,0.104,114.98667
935,2018-11-05,116.62,118.94,8758700.0,-2.32,-1.989,118.40333
936,2018-11-06,118.76,118.9,5273200.0,-0.14,-0.118,118.72667
937,2018-11-07,120.0,120.87,4848800.0,-0.87,-0.725,120.33667
938,2018-11-08,120.65,119.36,9532400.0,1.29,1.069,120.06333
939,2018-11-09,118.22,119.51,6565700.0,-1.29,-1.091,119.08333
940,2018-11-12,120.9,117.39,10550800.0,3.51,2.903,118.64333
941,2018-11-13,117.3,115.35,6846200.0,1.95,1.662,116.09
942,2018-11-14,116.88,115.72,6783500.0,1.16,0.992,116.15
943,2018-11-15,113.66,116.95,7218100.0,-3.29,-2.895,115.58333
944,2018-11-16,117.5,119.06,6706900.0,-1.56,-1.328,118.53333
945,2018-11-19,118.14,119.42,5328300.0,-1.28,-1.083,118.93333
946,2018-11-20,119.24,116.1,7983500.0,3.14,2.633,116.88
947,2018-11-21,116.68,117.57,5624400.0,-0.89,-0.763,117.81333
948,2018-11-23,114.7,113.6,5577800.0,1.1,0.959,113.64333
949,2018-11-26,114.6,114.98,6953000.0,-0.38,-0.332,114.81333
950,2018-11-27,114.55,115.21,6339200.0,-0.66,-0.576,115.03
951,2018-11-28,114.98,118.14,6841700.0,-3.16,-2.748,116.94
952,2018-11-29,117.95,118.85,6656900.0,-0.9,-0.763,118.77333
953,2018-11-30,118.05,118.94,6712500.0,-0.89,-0.754,118.61667
954,2018-12-03,120.77,120.67,8237600.0,0.1,0.083,121.05333
955,2018-12-04,120.6,117.24,8288100.0,3.36,2.786,118.46667
956,2018-12-06,115.34,115.91,10715700.0,-0.57,-0.494,115.02667
957,2018-12-07,117.59,115.49,9114400.0,2.1,1.786,116.79333
958,2018-12-10,115.3,114.94,7674300.0,0.36,0.312,114.19
959,2018-12-11,116.26,115.47,5929400.0,0.79,0.68,115.34667
960,2018-12-12,117.11,115.62,7891400.0,1.49,1.272,116.30333
961,2018-12-13,115.15,115.94,7030500.0,-0.79,-0.686,115.52333
962,2018-12-14,115.01,113.83,6195400.0,1.18,1.026,114.31667
963,2018-12-17,113.44,112.45,7132400.0,0.99,0.873,113.09333
964,2018-12-18,112.63,109.74,9658600.0,2.89,2.566,110.64333
965,2018-12-19,109.91,107.83,10472400.0,2.08,1.892,108.97333
966,2018-12-20,106.81,104.98,11612800.0,1.83,1.713,105.74667
967,2018-12-21,103.62,104.21,19912800.0,-0.59,-0.569,104.68667
968,2018-12-24,103.3,100.99,5619500.0,2.31,2.236,102.01667
969,2018-12-26,101.85,107.39,10779400.0,-5.54,-5.439,105.0
970,2018-12-27,105.47,109.32,10655100.0,-3.85,-3.65,107.84333
971,2018-12-28,109.65,108.65,6445400.0,1.0,0.912,109.04333
972,2018-12-31,109.15,108.79,6309600.0,0.36,0.33,108.96333
973,2019-01-02,107.34,110.69,6384800.0,-3.35,-3.121,109.82333
974,2019-01-03,111.06,108.57,6496200.0,2.49,2.242,109.31
975,2019-01-04,110.28,110.82,7952500.0,-0.54,-0.49,110.42667
976,2019-01-07,111.06,112.26,5712700.0,-1.2,-1.08,111.70333
977,2019-01-08,113.4,111.77,5674900.0,1.63,1.437,112.41
978,2019-01-09,112.69,113.27,7097000.0,-0.58,-0.515,113.24
979,2019-01-10,112.51,113.45,6078300.0,-0.94,-0.835,112.93
980,2019-01-11,113.0,112.54,4491700.0,0.46,0.407,112.42
981,2019-01-14,111.34,111.72,6121700.0,-0.38,-0.341,111.71333
982,2019-01-15,111.98,112.12,4226100.0,-0.14,-0.125,112.23333
983,2019-01-16,111.43,111.4,5624100.0,0.03,0.027,111.64667
984,2019-01-17,110.75,111.96,4442700.0,-1.21,-1.093,111.47333
985,2019-01-18,113.99,114.37,9382000.0,-0.38,-0.333,114.02667
986,2019-01-22,113.12,112.34,7242000.0,0.78,0.69,112.58
987,2019-01-23,112.38,111.39,6082300.0,0.99,0.881,111.49333
988,2019-01-24,111.03,113.51,8470700.0,-2.48,-2.234,112.74667
989,2019-01-25,114.06,113.22,6261800.0,0.84,0.736,113.66333
990,2019-01-28,111.91,112.17,6886600.0,-0.26,-0.232,111.93667
991,2019-01-29,113.03,111.83,5359900.0,1.2,1.062,112.31667
992,2019-01-30,112.53,113.01,7941700.0,-0.48,-0.427,112.88
993,2019-01-31,113.8,114.65,11225600.0,-0.85,-0.747,114.48
994,2019-02-01,116.65,118.37,10934300.0,-1.72,-1.474,118.07333
995,2019-02-04,117.5,119.74,7987900.0,-2.24,-1.906,118.6
996,2019-02-05,119.62,119.48,6887400.0,0.14,0.117,119.34333
997,2019-02-06,119.0,118.88,4990400.0,0.12,0.101,119.05333
998,2019-02-07,118.01,118.23,7281900.0,-0.22,-0.186,117.75
999,2019-02-08,117.74,117.58,5671000.0,0.16,0.136,117.13
1000,2019-02-11,116.93,116.95,4859600.0,-0.02,-0.017,116.9
1001,2019-02-12,118.33,118.72,5400700.0,-0.39,-0.33,118.4
1002,2019-02-13,119.16,119.57,5935900.0,-0.41,-0.344,119.55333
1003,2019-02-14,118.37,118.16,5406500.0,0.21,0.177,118.45
1004,2019-02-15,119.62,119.35,6209800.0,0.27,0.226,119.26667
1005,2019-02-19,118.9,119.31,4277800.0,-0.41,-0.345,119.21
1006,2019-02-20,119.31,120.28,5940600.0,-0.97,-0.813,120.0
1007,2019-02-21,120.07,119.14,5139400.0,0.93,0.775,119.28333
1008,2019-02-22,120.28,119.39,4517600.0,0.89,0.74,119.56667
1009,2019-02-25,119.41,119.62,5196600.0,-0.21,-0.176,119.80333
1010,2019-02-26,119.81,119.94,5445600.0,-0.13,-0.109,120.19667
1011,2019-02-27,120.29,120.08,5289800.0,0.21,0.175,120.42
1012,2019-02-28,120.0,119.58,6406500.0,0.42,0.35,119.41
1013,2019-03-01,120.39,122.03,7743600.0,-1.64,-1.362,121.41333
1014,2019-03-04,122.67,122.12,7499500.0,0.55,0.448,121.83667
1015,2019-03-05,121.87,123.29,7345200.0,-1.42,-1.165,122.74333
1016,2019-03-06,123.17,123.53,7599900.0,-0.36,-0.292,123.51
1017,2019-03-07,123.42,121.94,7201100.0,1.48,1.199,122.38
1018,2019-03-08,120.1,121.62,7014100.0,-1.52,-1.266,120.91667
1019,2019-03-11,122.87,123.62,6088600.0,-0.75,-0.61,123.52333
1020,2019-03-12,123.84,123.9,6184300.0,-0.06,-0.048,124.08
1021,2019-03-13,124.6,124.67,4707000.0,-0.07,-0.056,124.5
1022,2019-03-14,124.76,124.6,5146400.0,0.16,0.128,124.84667
1023,2019-03-15,124.59,125.31,10449700.0,-0.72,-0.578,125.02667
1024,2019-03-18,125.21,125.88,5586900.0,-0.67,-0.535,125.72667
1025,2019-03-19,126.56,125.28,5096800.0,1.28,1.011,125.64667
1026,2019-03-20,125.04,124.69,6708500.0,0.35,0.28,125.23667
1027,2019-03-21,124.87,125.86,5050400.0,-0.99,-0.793,125.44333
1028,2019-03-22,124.85,123.09,5786800.0,1.76,1.41,123.56333
1029,2019-03-25,122.93,122.89,3837500.0,0.04,0.033,122.85
1030,2019-03-26,123.77,124.13,4079800.0,-0.36,-0.291,124.14
1031,2019-03-27,123.98,122.79,3727800.0,1.19,0.96,123.09667
1032,2019-03-28,122.6,123.02,4057700.0,-0.42,-0.343,122.84667
1033,2019-03-29,124.28,123.18,5318600.0,1.1,0.885,123.38
1034,2019-04-01,123.87,124.94,5506300.0,-1.07,-0.864,124.55333
1035,2019-04-02,125.2,124.93,4362700.0,0.27,0.216,124.82667
1036,2019-04-03,125.22,123.89,3595400.0,1.33,1.062,124.26
1037,2019-04-04,124.01,124.8,3715400.0,-0.79,-0.637,124.39333
1038,2019-04-05,125.25,126.42,5551400.0,-1.17,-0.934,126.08667
1039,2019-04-08,126.77,126.68,5483100.0,0.09,0.071,126.75
1040,2019-04-09,126.29,125.54,4143400.0,0.75,0.594,125.65
1041,2019-04-10,126.14,125.49,3970000.0,0.65,0.515,125.73
1042,2019-04-11,125.34,125.99,3248300.0,-0.65,-0.519,125.66667
1043,2019-04-12,121.58,119.76,42693700.0,1.82,1.497,120.25333
1044,2019-04-15,120.02,120.14,13369100.0,-0.12,-0.1,120.16333
1045,2019-04-16,120.43,121.17,11942900.0,-0.74,-0.614,120.85
1046,2019-04-17,122.2,120.27,11898100.0,1.93,1.579,120.95333
1047,2019-04-18,120.52,119.86,9546500.0,0.66,0.548,119.92667
1048,2019-04-22,120.78,121.9,7946200.0,-1.12,-0.927,121.45333
1049,2019-04-23,121.73,122.02,9079200.0,-0.29,-0.238,121.88333
1050,2019-04-24,121.35,118.28,22115000.0,3.07,2.53,119.26667
1051,2019-04-25,118.05,117.9,10636400.0,0.15,0.127,118.0
1052,2019-04-26,118.4,117.1,11626700.0,1.3,1.098,117.08333
1053,2019-04-29,117.01,117.72,9404000.0,-0.71,-0.607,117.51
1054,2019-04-30,121.1,120.06,21431500.0,1.04,0.859,120.54333
1055,2019-05-01,119.8,117.81,10097000.0,1.99,1.661,118.57
1056,2019-05-02,117.28,116.38,9495600.0,0.9,0.767,117.04667
1057,2019-05-03,117.69,117.27,7364900.0,0.42,0.357,117.64333
1058,2019-05-06,117.5,118.4,11035000.0,-0.9,-0.766,118.57
1059,2019-05-07,117.3,118.27,9165200.0,-0.97,-0.827,117.68
1060,2019-05-08,118.37,117.5,6229000.0,0.87,0.735,117.79333
1061,2019-05-09,121.12,121.19,16496300.0,-0.07,-0.058,121.12333
1062,2019-05-10,121.17,121.99,8787900.0,-0.82,-0.677,121.36333
1063,2019-05-13,121.91,120.44,7701200.0,1.47,1.206,120.90333
1064,2019-05-14,120.67,121.64,6858500.0,-0.97,-0.804,121.46667
1065,2019-05-15,121.2,122.14,6945000.0,-0.94,-0.776,121.83333
1066,2019-05-16,120.99,120.8,8543300.0,0.19,0.157,120.96
1067,2019-05-17,120.06,120.52,6870900.0,-0.46,-0.383,120.50333
1068,2019-05-20,120.71,120.84,4569700.0,-0.13,-0.108,120.86333
1069,2019-05-21,121.03,121.34,4859400.0,-0.31,-0.256,121.39333
1070,2019-05-22,120.9,120.57,5763300.0,0.33,0.273,120.78333
1071,2019-05-23,118.81,117.87,11000200.0,0.94,0.791,117.86667
1072,2019-05-24,118.3,118.71,4890800.0,-0.41,-0.347,118.34
1073,2019-05-28,118.88,118.31,8145100.0,0.57,0.479,118.6
1074,2019-05-29,117.04,116.77,7451300.0,0.27,0.231,116.65
1075,2019-05-30,116.54,115.38,5807900.0,1.16,0.995,115.65667
1076,2019-05-31,114.22,113.85,6899800.0,0.37,0.324,114.25667
1077,2019-06-03,114.7,115.99,6100800.0,-1.29,-1.125,115.52
1078,2019-06-04,116.6,117.3,5235600.0,-0.7,-0.6,117.09
1079,2019-06-05,117.87,117.65,5105700.0,0.22,0.187,117.31667
1080,2019-06-06,118.21,120.68,7370100.0,-2.47,-2.09,119.98333
1081,2019-06-07,120.74,121.48,5343100.0,-0.74,-0.613,121.37667
1082,2019-06-10,122.2,122.29,5708800.0,-0.09,-0.074,122.25333
1083,2019-06-11,123.37,121.17,5625100.0,2.2,1.783,121.94
1084,2019-06-12,120.38,120.19,4000100.0,0.19,0.158,120.11
1085,2019-06-13,121.24,120.91,3993300.0,0.33,0.272,121.08667
1086,2019-06-14,121.0,120.81,3366800.0,0.19,0.157,120.78
1087,2019-06-17,120.72,121.39,4219100.0,-0.67,-0.555,121.20333
1088,2019-06-18,121.95,122.93,4884300.0,-0.98,-0.804,122.88667
1089,2019-06-19,122.51,122.89,3847100.0,-0.38,-0.31,122.86333
1090,2019-06-20,124.31,124.28,7771700.0,0.03,0.024,124.19333
1091,2019-06-21,124.8,124.93,14287900.0,-0.13,-0.104,125.12
1092,2019-06-24,124.54,124.91,5542600.0,-0.37,-0.297,124.90333
1093,2019-06-25,124.84,123.64,4713300.0,1.2,0.961,124.08
1094,2019-06-26,124.57,123.93,5054800.0,0.64,0.514,124.23
1095,2019-06-27,123.92,123.11,3551700.0,0.81,0.654,123.4
1096,2019-06-28,123.41,124.44,7048300.0,-1.03,-0.835,124.01333
1097,2019-07-01,125.36,124.84,5526900.0,0.52,0.415,125.01333
1098,2019-07-02,124.55,122.93,5747700.0,1.62,1.301,123.34667
1099,2019-07-03,122.93,123.35,2725800.0,-0.42,-0.342,123.01667
1100,2019-07-05,123.14,123.54,3458900.0,-0.4,-0.325,123.30667
1101,2019-07-08,123.66,123.6,3505200.0,0.06,0.049,123.70333
1102,2019-07-09,123.9,123.35,3955600.0,0.55,0.444,123.52
1103,2019-07-10,124.11,125.44,4743500.0,-1.33,-1.072,125.05667
1104,2019-07-11,125.68,125.43,3548000.0,0.25,0.199,125.23667
1105,2019-07-12,125.38,125.98,3974400.0,-0.6,-0.479,125.78667
1106,2019-07-15,126.06,125.72,3739200.0,0.34,0.27,125.79667
1107,2019-07-16,125.5,124.76,4697600.0,0.74,0.59,124.93333
1108,2019-07-17,124.66,124.14,3874200.0,0.52,0.417,124.49333
1109,2019-07-18,124.12,124.68,5770700.0,-0.56,-0.451,124.36333
1110,2019-07-19,124.68,125.04,4880900.0,-0.36,-0.289,125.01667
1111,2019-07-22,125.37,125.31,3275800.0,0.06,0.048,125.17667
1112,2019-07-23,125.24,125.82,4295300.0,-0.58,-0.463,125.60667
1113,2019-07-24,125.87,126.54,4796900.0,-0.67,-0.532,126.38
1114,2019-07-25,127.0,125.63,4586800.0,1.37,1.079,125.98667
1115,2019-07-26,125.24,123.72,6971700.0,1.52,1.214,124.09
1116,2019-07-29,123.48,124.23,4377500.0,-0.75,-0.607,124.08333
1117,2019-07-30,124.1,124.34,3871700.0,-0.24,-0.193,124.15667
1118,2019-07-31,123.71,123.11,7199500.0,0.6,0.485,123.42667
1119,2019-08-01,122.0,120.74,7928400.0,1.26,1.033,121.6
1120,2019-08-02,121.78,120.73,9026200.0,1.05,0.862,120.36667
1121,2019-08-05,119.19,118.74,8620300.0,0.45,0.378,118.91333
1122,2019-08-06,118.72,119.38,6788000.0,-0.66,-0.556,118.85333
1123,2019-08-07,117.55,119.1,6853700.0,-1.55,-1.319,118.61667
1124,2019-08-08,119.49,123.23,8868100.0,-3.74,-3.13,121.99333
1125,2019-08-09,123.11,122.42,5051700.0,0.69,0.56,122.73333
1126,2019-08-12,123.01,121.55,3251600.0,1.46,1.187,121.86667
1127,2019-08-13,121.01,122.39,5806400.0,-1.38,-1.14,121.79667
1128,2019-08-14,120.02,117.74,7175600.0,2.28,1.9,118.67
1129,2019-08-15,117.24,116.95,6272600.0,0.29,0.247,116.75
1130,2019-08-16,116.4,115.81,6239100.0,0.59,0.507,115.94
1131,2019-08-19,117.13,117.31,6443700.0,-0.18,-0.154,117.36333
1132,2019-08-20,117.13,116.13,5150900.0,1.0,0.854,116.32667
1133,2019-08-21,117.79,117.88,4578400.0,-0.09,-0.076,117.81
1134,2019-08-22,118.66,117.73,4362100.0,0.93,0.784,117.97333
1135,2019-08-23,116.48,115.18,7653400.0,1.3,1.116,115.86333
1136,2019-08-26,115.92,115.74,3966400.0,0.18,0.155,115.71667
1137,2019-08-27,116.27,115.83,4237100.0,0.44,0.378,115.96667
1138,2019-08-28,116.41,116.83,4153500.0,-0.42,-0.361,116.63667
1139,2019-08-29,117.19,117.52,4467300.0,-0.33,-0.282,117.31333
1140,2019-08-30,117.98,117.72,4881100.0,0.26,0.22,117.97667
1141,2019-09-03,115.77,116.27,5672500.0,-0.5,-0.432,115.71667
1142,2019-09-04,117.48,117.25,4595600.0,0.23,0.196,117.65333
1143,2019-09-05,118.01,117.64,5394300.0,0.37,0.314,117.99
1144,2019-09-06,117.5,118.26,4578200.0,-0.76,-0.647,118.03
1145,2019-09-09,118.74,119.39,5048000.0,-0.65,-0.547,119.2
1146,2019-09-10,120.23,121.85,8728800.0,-1.62,-1.347,121.68333
1147,2019-09-11,122.21,121.28,5509500.0,0.93,0.761,121.54333
1148,2019-09-12,120.04,121.42,5818300.0,-1.38,-1.15,121.05333
1149,2019-09-13,122.25,121.5,4885400.0,0.75,0.613,121.68667
1150,2019-09-16,124.86,124.12,10683900.0,0.74,0.593,124.12
1151,2019-09-17,124.12,123.89,7246500.0,0.23,0.185,123.69
1152,2019-09-18,123.55,124.18,4801500.0,-0.63,-0.51,123.80333
1153,2019-09-19,124.77,123.66,4034500.0,1.11,0.89,124.01667
1154,2019-09-20,124.0,124.32,10420700.0,-0.32,-0.258,124.27
1155,2019-09-23,123.55,124.9,4705500.0,-1.35,-1.093,124.48333
1156,2019-09-24,124.67,123.74,6232100.0,0.93,0.746,123.89333
1157,2019-09-25,123.48,123.51,3762500.0,-0.03,-0.024,123.52333
1158,2019-09-26,123.26,120.16,7834400.0,3.1,2.515,121.23667
1159,2019-09-27,119.51,118.6,6850689.0,0.91,0.761,119.1
1160,2019-09-30,118.54,118.6,6108300.0,-0.06,-0.051,118.81
1161,2019-10-01,119.27,116.01,7116600.0,3.26,2.733,117.11667
1162,2019-10-02,115.06,112.29,9702400.0,2.77,2.407,113.00667
1163,2019-10-03,112.06,113.15,5315300.0,-1.09,-0.973,112.25333
1164,2019-10-04,113.6,113.85,4757300.0,-0.25,-0.22,113.46667
1165,2019-10-07,113.96,113.26,4694000.0,0.7,0.614,113.74667
1166,2019-10-08,112.11,111.71,5323900.0,0.4,0.357,112.02333
1167,2019-10-09,112.59,113.14,4601700.0,-0.55,-0.488,113.31667
1168,2019-10-10,113.53,114.59,3555500.0,-1.06,-0.934,114.22667
1169,2019-10-11,115.69,116.15,5134200.0,-0.46,-0.398,116.18
1170,2019-10-14,115.58,116.18,2571300.0,-0.6,-0.519,116.00667
1171,2019-10-15,115.85,116.31,3742700.0,-0.46,-0.397,116.57667
1172,2019-10-16,116.23,115.11,3608900.0,1.12,0.964,115.61667
1173,2019-10-17,115.61,115.35,3722400.0,0.26,0.225,115.44333
1174,2019-10-18,115.14,114.74,5679900.0,0.4,0.347,115.02
1175,2019-10-21,115.55,116.61,3926300.0,-1.06,-0.917,116.30333
1176,2019-10-22,116.63,117.8,4095000.0,-1.17,-1.003,117.61667
1177,2019-10-23,117.4,117.98,4148500.0,-0.58,-0.494,117.59333
1178,2019-10-24,118.47,117.58,3873900.0,0.89,0.751,117.9
1179,2019-10-25,117.77,118.67,3369100.0,-0.9,-0.764,118.40333
1180,2019-10-28,119.08,118.48,5076200.0,0.6,0.504,118.54333
1181,2019-10-29,117.97,118.13,4548100.0,-0.16,-0.136,118.29667
1182,2019-10-30,118.18,116.36,4689200.0,1.82,1.54,116.68667
1183,2019-10-31,115.86,116.14,717630000.0,-0.28,-0.242,115.94
1184,2019-11-01,115.49,116.21,7683100.0,-0.72,-0.623,115.61667
1185,2019-11-04,117.23,121.57,10303200.0,-4.34,-3.702,120.15333
1186,2019-11-05,121.23,121.94,6971100.0,-0.71,-0.586,121.70333
1187,2019-11-06,121.94,119.9,6104700.0,2.04,1.673,120.61333
1188,2019-11-07,121.13,121.89,5440700.0,-0.76,-0.627,121.40333
1189,2019-11-08,120.97,120.93,4249800.0,0.04,0.033,120.76333
1190,2019-11-11,120.2,120.81,3870800.0,-0.61,-0.507,120.73667
1191,2019-11-12,121.29,120.96,4503600.0,0.33,0.272,121.16333
1192,2019-11-13,120.46,122.28,5076400.0,-1.82,-1.511,121.68667
1193,2019-11-14,121.85,121.96,4882800.0,-0.11,-0.09,122.1
1194,2019-11-15,121.22,120.64,5589600.0,0.58,0.478,120.71333
1195,2019-11-18,119.82,118.55,4885300.0,1.27,1.06,118.89667
1196,2019-11-19,118.5,116.45,8723000.0,2.05,1.73,117.11
1197,2019-11-20,116.41,117.34,5903100.0,-0.93,-0.799,117.18
1198,2019-11-21,117.61,118.77,5807600.0,-1.16,-0.986,118.30667
1199,2019-11-22,119.06,118.63,4786800.0,0.43,0.361,118.97667
1200,2019-11-25,118.43,118.38,7390000.0,0.05,0.042,118.52667
1201,2019-11-26,118.34,117.79,10053100.0,0.55,0.465,117.85
1202,2019-11-27,117.99,118.07,4106100.0,-0.08,-0.068,118.1
1203,2019-11-29,117.28,117.13,3271000.0,0.15,0.128,117.27667
1204,2019-12-02,117.98,116.8,5195200.0,1.18,1.0,117.19667
1205,2019-12-03,116.2,115.89,6135800.0,0.31,0.267,116.09667
1206,2019-12-04,116.64,116.94,5706700.0,-0.3,-0.257,116.89
1207,2019-12-05,117.62,116.33,5517500.0,1.29,1.097,116.75333
1208,2019-12-06,117.09,118.01,6735300.0,-0.92,-0.786,118.09333
1209,2019-12-09,116.52,117.3,4736100.0,-0.78,-0.669,117.21
1210,2019-12-10,118.03,117.89,4886800.0,0.14,0.119,117.67667
1211,2019-12-11,117.09,116.23,7039600.0,0.86,0.734,116.67333
1212,2019-12-12,116.59,118.81,6462000.0,-2.22,-1.904,118.09667
1213,2019-12-13,119.05,117.96,4863400.0,1.09,0.916,118.46667
1214,2019-12-16,118.86,119.36,5619300.0,-0.5,-0.421,119.14667
1215,2019-12-17,119.59,118.6,6755500.0,0.99,0.828,118.94
1216,2019-12-18,118.68,118.55,7496700.0,0.13,0.11,118.90333
1217,2019-12-19,118.57,118.13,6220300.0,0.44,0.371,118.24333
1218,2019-12-20,119.4,119.68,12171100.0,-0.28,-0.235,119.23667
1219,2019-12-23,119.31,120.33,5875000.0,-1.02,-0.855,119.96
1220,2019-12-24,120.43,120.34,1640100.0,0.09,0.075,120.40333
1221,2019-12-26,120.67,120.6,3648600.0,0.07,0.058,120.78667
1222,2019-12-27,120.89,120.3,4138300.0,0.59,0.488,120.61
1223,2019-12-30,120.44,119.85,4580200.0,0.59,0.49,120.33333
1224,2019-12-31,119.5,120.51,4215700.0,-1.01,-0.845,120.13
1225,2020-01-02,120.81,121.43,5205000.0,-0.62,-0.513,121.27667
1226,2020-01-03,121.78,121.01,6360900.0,0.77,0.632,121.49
1227,2020-01-06,121.24,120.6,9953000.0,0.64,0.528,120.86667
1228,2020-01-07,119.02,119.06,7856900.0,-0.04,-0.034,118.85333
1229,2020-01-08,118.55,117.7,7295900.0,0.85,0.717,118.14667
1230,2020-01-09,117.59,117.51,7345300.0,0.08,0.068,117.20333
1231,2020-01-10,117.52,116.44,6393800.0,1.08,0.919,116.84333
1232,2020-01-13,116.47,116.66,6846700.0,-0.19,-0.163,116.55
1233,2020-01-14,116.5,116.3,7189100.0,0.2,0.172,116.29667
1234,2020-01-15,116.3,116.13,5808800.0,0.17,0.146,116.06333
1235,2020-01-16,116.56,116.89,7022000.0,-0.33,-0.283,116.87333
1236,2020-01-17,117.01,115.58,7886182.0,1.43,1.222,116.13
1237,2020-01-21,115.1,113.31,8470300.0,1.79,1.555,113.87667
1238,2020-01-22,113.1,112.9,5589900.0,0.2,0.177,112.96333
1239,2020-01-23,112.4,113.1,8007800.0,-0.7,-0.623,112.81667
1240,2020-01-24,112.79,111.85,6920000.0,0.94,0.833,112.05667
1241,2020-01-27,110.25,110.39,7609800.0,-0.14,-0.127,110.4
1242,2020-01-28,110.98,111.12,5771900.0,-0.14,-0.126,111.17
1243,2020-01-29,111.45,110.37,4772800.0,1.08,0.969,110.79667
1244,2020-01-30,109.81,111.4,8382700.0,-1.59,-1.448,110.68
1245,2020-01-31,109.81,107.14,13698100.0,2.67,2.431,107.84667
1246,2020-02-03,106.95,106.28,8787500.0,0.67,0.626,106.31
1247,2020-02-04,107.68,106.85,9909000.0,0.83,0.771,107.26333
1248,2020-02-05,108.27,110.28,6914100.0,-2.01,-1.856,109.68
1249,2020-02-06,110.63,109.49,6274000.0,1.14,1.03,109.75667
1250,2020-02-07,108.93,108.94,4829600.0,-0.01,-0.009,108.95
1251,2020-02-10,108.54,109.79,6011800.0,-1.25,-1.152,109.30333
1252,2020-02-11,110.78,111.21,6072700.0,-0.43,-0.388,110.88
1253,2020-02-12,112.51,112.04,5725700.0,0.47,0.418,112.08333
1254,2020-02-13,111.37,111.66,5991900.0,-0.29,-0.26,111.74
1255,2020-02-14,110.84,110.08,5148798.0,0.76,0.686,110.21
1256,2020-02-18,109.0,110.24,4975800.0,-1.24,-1.138,109.78
1257,2020-02-19,110.52,110.74,5885000.0,-0.22,-0.199,110.57667
