pokemon_id,pokemon_name,form,bol_release,max_cp,base_hp,base_attack,base_defense,Grass,Fire,Water,Bug,Normal,Dark,Poison,Electric,Ice,Ground,Fairy,Fighting,Psychic,Rock,Ghost,Dragon,Steel,Flying
1,Bulbasaur,Fall_2019,1,1115,128,118,111,1,0,0,0,0,0,1,0,0,0,0,0,0,0,0,0,0,0
1,Bulbasaur,Normal,1,1115,128,118,111,1,0,0,0,0,0,1,0,0,0,0,0,0,0,0,0,0,0
1,Bulbasaur,Purified,1,1115,128,118,111,1,0,0,0,0,0,1,0,0,0,0,0,0,0,0,0,0,0
1,Bulbasaur,Shadow,1,1115,128,118,111,1,0,0,0,0,0,1,0,0,0,0,0,0,0,0,0,0,0
2,Ivysaur,Normal,1,1699,155,151,143,1,0,0,0,0,0,1,0,0,0,0,0,0,0,0,0,0,0
2,Ivysaur,Purified,1,1699,155,151,143,1,0,0,0,0,0,1,0,0,0,0,0,0,0,0,0,0,0
2,Ivysaur,Shadow,1,1699,155,151,143,1,0,0,0,0,0,1,0,0,0,0,0,0,0,0,0,0,0
3,Venusaur,Normal,1,2720,190,198,189,1,0,0,0,0,0,1,0,0,0,0,0,0,0,0,0,0,0
3,Venusaur,Purified,1,2720,190,198,189,1,0,0,0,0,0,1,0,0,0,0,0,0,0,0,0,0,0
3,Venusaur,Shadow,1,2720,190,198,189,1,0,0,0,0,0,1,0,0,0,0,0,0,0,0,0,0,0
4,Charmander,Fall_2019,1,980,118,116,93,0,1,0,0,0,0,0,0,0,0,0,0,0,0,0,0,0,0
4,Charmander,Normal,1,980,118,116,93,0,1,0,0,0,0,0,0,0,0,0,0,0,0,0,0,0,0
4,Charmander,Purified,1,980,118,116,93,0,1,0,0,0,0,0,0,0,0,0,0,0,0,0,0,0,0
4,Charmander,Shadow,1,980,118,116,93,0,1,0,0,0,0,0,0,0,0,0,0,0,0,0,0,0,0
5,Charmeleon,Normal,1,1653,151,158,126,0,1,0,0,0,0,0,0,0,0,0,0,0,0,0,0,0,0
5,Charmeleon,Purified,1,1653,151,158,126,0,1,0,0,0,0,0,0,0,0,0,0,0,0,0,0,0,0
5,Charmeleon,Shadow,1,1653,151,158,126,0,1,0,0,0,0,0,0,0,0,0,0,0,0,0,0,0,0
6,Charizard,Normal,1,2889,186,223,173,0,1,0,0,0,0,0,0,0,0,0,0,0,0,0,0,0,1
6,Charizard,Purified,1,2889,186,223,173,0,1,0,0,0,0,0,0,0,0,0,0,0,0,0,0,0,1
6,Charizard,Shadow,1,2889,186,223,173,0,1,0,0,0,0,0,0,0,0,0,0,0,0,0,0,0,1
7,Squirtle,Fall_2019,1,946,127,94,121,0,0,1,0,0,0,0,0,0,0,0,0,0,0,0,0,0,0
7,Squirtle,Normal,1,946,127,94,121,0,0,1,0,0,0,0,0,0,0,0,0,0,0,0,0,0,0
7,Squirtle,Purified,1,946,127,94,121,0,0,1,0,0,0,0,0,0,0,0,0,0,0,0,0,0,0
7,Squirtle,Shadow,1,946,127,94,121,0,0,1,0,0,0,0,0,0,0,0,0,0,0,0,0,0,0
8,Wartortle,Normal,1,1488,153,126,155,0,0,1,0,0,0,0,0,0,0,0,0,0,0,0,0,0,0
8,Wartortle,Purified,1,1488,153,126,155,0,0,1,0,0,0,0,0,0,0,0,0,0,0,0,0,0,0
8,Wartortle,Shadow,1,1488,153,126,155,0,0,1,0,0,0,0,0,0,0,0,0,0,0,0,0,0,0
9,Blastoise,Normal,1,2466,188,171,207,0,0,1,0,0,0,0,0,0,0,0,0,0,0,0,0,0,0
9,Blastoise,Purified,1,2466,188,171,207,0,0,1,0,0,0,0,0,0,0,0,0,0,0,0,0,0,0
9,Blastoise,Shadow,1,2466,188,171,207,0,0,1,0,0,0,0,0,0,0,0,0,0,0,0,0,0,0
10,Caterpie,Normal,1,437,128,55,55,0,0,0,1,0,0,0,0,0,0,0,0,0,0,0,0,0,0
11,Metapod,Normal,1,450,137,45,80,0,0,0,1,0,0,0,0,0,0,0,0,0,0,0,0,0,0
12,Butterfree,Normal,1,1827,155,167,137,0,0,0,1,0,0,0,0,0,0,0,0,0,0,0,0,0,1
13,Weedle,Normal,1,456,120,63,50,0,0,0,1,0,0,1,0,0,0,0,0,0,0,0,0,0,0
13,Weedle,Purified,1,456,120,63,50,0,0,0,1,0,0,1,0,0,0,0,0,0,0,0,0,0,0
13,Weedle,Shadow,1,456,120,63,50,0,0,0,1,0,0,1,0,0,0,0,0,0,0,0,0,0,0
14,Kakuna,Normal,1,432,128,46,75,0,0,0,1,0,0,1,0,0,0,0,0,0,0,0,0,0,0
14,Kakuna,Purified,1,432,128,46,75,0,0,0,1,0,0,1,0,0,0,0,0,0,0,0,0,0,0
14,Kakuna,Shadow,1,432,128,46,75,0,0,0,1,0,0,1,0,0,0,0,0,0,0,0,0,0,0
15,Beedrill,Normal,1,1846,163,169,130,0,0,0,1,0,0,1,0,0,0,0,0,0,0,0,0,0,0
15,Beedrill,Purified,1,1846,163,169,130,0,0,0,1,0,0,1,0,0,0,0,0,0,0,0,0,0,0
15,Beedrill,Shadow,1,1846,163,169,130,0,0,0,1,0,0,1,0,0,0,0,0,0,0,0,0,0,0
16,Pidgey,Normal,1,680,120,85,73,0,0,0,0,1,0,0,0,0,0,0,0,0,0,0,0,0,1
17,Pidgeotto,Normal,1,1194,160,117,105,0,0,0,0,1,0,0,0,0,0,0,0,0,0,0,0,0,1
18,Pidgeot,Normal,1,2129,195,166,154,0,0,0,0,1,0,0,0,0,0,0,0,0,0,0,0,0,1
19,Rattata,Alola,1,734,102,103,70,0,0,0,0,1,1,0,0,0,0,0,0,0,0,0,0,0,0
19,Rattata,Normal,1,734,102,103,70,0,0,0,0,1,0,0,0,0,0,0,0,0,0,0,0,0,0
19,Rattata,Purified,1,734,102,103,70,0,0,0,0,1,0,0,0,0,0,0,0,0,0,0,0,0,0
19,Rattata,Shadow,1,734,102,103,70,0,0,0,0,1,0,0,0,0,0,0,0,0,0,0,0,0,0
20,Raticate,Alola,1,1705,181,135,154,0,0,0,0,1,1,0,0,0,0,0,0,0,0,0,0,0,0
20,Raticate,Normal,1,1730,146,161,139,0,0,0,0,1,0,0,0,0,0,0,0,0,0,0,0,0,0
20,Raticate,Purified,1,1730,146,161,139,0,0,0,0,1,0,0,0,0,0,0,0,0,0,0,0,0,0
20,Raticate,Shadow,1,1730,146,161,139,0,0,0,0,1,0,0,0,0,0,0,0,0,0,0,0,0,0
21,Spearow,Normal,1,798,120,112,60,0,0,0,0,1,0,0,0,0,0,0,0,0,0,0,0,0,1
22,Fearow,Normal,1,1997,163,182,133,0,0,0,0,1,0,0,0,0,0,0,0,0,0,0,0,0,1
23,Ekans,Normal,1,927,111,110,97,0,0,0,0,0,0,1,0,0,0,0,0,0,0,0,0,0,0
23,Ekans,Purified,1,927,111,110,97,0,0,0,0,0,0,1,0,0,0,0,0,0,0,0,0,0,0
23,Ekans,Shadow,1,927,111,110,97,0,0,0,0,0,0,1,0,0,0,0,0,0,0,0,0,0,0
24,Arbok,Normal,1,1921,155,167,153,0,0,0,0,0,0,1,0,0,0,0,0,0,0,0,0,0,0
24,Arbok,Purified,1,1921,155,167,153,0,0,0,0,0,0,1,0,0,0,0,0,0,0,0,0,0,0
24,Arbok,Shadow,1,1921,155,167,153,0,0,0,0,0,0,1,0,0,0,0,0,0,0,0,0,0,0
25,Pikachu,Fall_2019,1,938,111,112,96,0,0,0,0,0,0,0,1,0,0,0,0,0,0,0,0,0,0
25,Pikachu,Normal,1,938,111,112,96,0,0,0,0,0,0,0,1,0,0,0,0,0,0,0,0,0,0
26,Raichu,Alola,1,2286,155,201,154,0,0,0,0,0,0,0,1,0,0,0,0,1,0,0,0,0,0
26,Raichu,Normal,1,2182,155,193,151,0,0,0,0,0,0,0,1,0,0,0,0,0,0,0,0,0,0
27,Sandshrew,Alola,1,1293,137,125,129,0,0,0,0,0,0,0,0,1,0,0,0,0,0,0,0,1,0
27,Sandshrew,Normal,1,1261,137,126,120,0,0,0,0,0,0,0,0,0,1,0,0,0,0,0,0,0,0
27,Sandshrew,Purified,1,1261,137,126,120,0,0,0,0,0,0,0,0,0,1,0,0,0,0,0,0,0,0
27,Sandshrew,Shadow,1,1261,137,126,120,0,0,0,0,0,0,0,0,0,1,0,0,0,0,0,0,0,0
28,Sandslash,Alola,1,2432,181,177,195,0,0,0,0,0,0,0,0,1,0,0,0,0,0,0,0,1,0
28,Sandslash,Normal,1,2374,181,182,175,0,0,0,0,0,0,0,0,0,1,0,0,0,0,0,0,0,0
28,Sandslash,Purified,1,2374,181,182,175,0,0,0,0,0,0,0,0,0,1,0,0,0,0,0,0,0,0
28,Sandslash,Shadow,1,2374,181,182,175,0,0,0,0,0,0,0,0,0,1,0,0,0,0,0,0,0,0
29,Nidoran♀,Normal,1,816,146,86,89,0,0,0,0,0,0,1,0,0,0,0,0,0,0,0,0,0,0
30,Nidorina,Normal,1,1309,172,117,120,0,0,0,0,0,0,1,0,0,0,0,0,0,0,0,0,0,0
31,Nidoqueen,Normal,1,2488,207,180,173,0,0,0,0,0,0,1,0,0,1,0,0,0,0,0,0,0,0
32,Nidoran♂,Normal,1,860,130,105,76,0,0,0,0,0,0,1,0,0,0,0,0,0,0,0,0,0,0
33,Nidorino,Normal,1,1393,156,137,111,0,0,0,0,0,0,1,0,0,0,0,0,0,0,0,0,0,0
34,Nidoking,Normal,1,2567,191,204,156,0,0,0,0,0,0,1,0,0,1,0,0,0,0,0,0,0,0
35,Clefairy,Normal,1,1155,172,107,108,0,0,0,0,0,0,0,0,0,0,1,0,0,0,0,0,0,0
36,Clefable,Normal,1,2437,216,178,162,0,0,0,0,0,0,0,0,0,0,1,0,0,0,0,0,0,0
37,Vulpix,Alola,1,883,116,96,109,0,0,0,0,0,0,0,0,1,0,0,0,0,0,0,0,0,0
37,Vulpix,Normal,1,883,116,96,109,0,1,0,0,0,0,0,0,0,0,0,0,0,0,0,0,0,0
38,Ninetales,Alola,1,2309,177,170,193,0,0,0,0,0,0,0,0,1,0,1,0,0,0,0,0,0,0
38,Ninetales,Normal,1,2279,177,169,190,0,1,0,0,0,0,0,0,0,0,0,0,0,0,0,0,0,0
39,Jigglypuff,Normal,1,724,251,80,41,0,0,0,0,1,0,0,0,0,0,1,0,0,0,0,0,0,0
40,Wigglytuff,Normal,1,1926,295,156,90,0,0,0,0,1,0,0,0,0,0,1,0,0,0,0,0,0,0
41,Zubat,Normal,1,667,120,83,73,0,0,0,0,0,0,1,0,0,0,0,0,0,0,0,0,0,1
41,Zubat,Purified,1,667,120,83,73,0,0,0,0,0,0,1,0,0,0,0,0,0,0,0,0,0,1
41,Zubat,Shadow,1,667,120,83,73,0,0,0,0,0,0,1,0,0,0,0,0,0,0,0,0,0,1
42,Golbat,Normal,1,1976,181,161,150,0,0,0,0,0,0,1,0,0,0,0,0,0,0,0,0,0,1
42,Golbat,Purified,1,1976,181,161,150,0,0,0,0,0,0,1,0,0,0,0,0,0,0,0,0,0,1
42,Golbat,Shadow,1,1976,181,161,150,0,0,0,0,0,0,1,0,0,0,0,0,0,0,0,0,0,1
43,Oddish,Normal,1,1228,128,131,112,1,0,0,0,0,0,1,0,0,0,0,0,0,0,0,0,0,0
43,Oddish,Purified,1,1228,128,131,112,1,0,0,0,0,0,1,0,0,0,0,0,0,0,0,0,0,0
43,Oddish,Shadow,1,1228,128,131,112,1,0,0,0,0,0,1,0,0,0,0,0,0,0,0,0,0,0
44,Gloom,Normal,1,1681,155,153,136,1,0,0,0,0,0,1,0,0,0,0,0,0,0,0,0,0,0
44,Gloom,Purified,1,1681,155,153,136,1,0,0,0,0,0,1,0,0,0,0,0,0,0,0,0,0,0
44,Gloom,Shadow,1,1681,155,153,136,1,0,0,0,0,0,1,0,0,0,0,0,0,0,0,0,0,0
45,Vileplume,Normal,1,2559,181,202,167,1,0,0,0,0,0,1,0,0,0,0,0,0,0,0,0,0,0
45,Vileplume,Purified,1,2559,181,202,167,1,0,0,0,0,0,1,0,0,0,0,0,0,0,0,0,0,0
45,Vileplume,Shadow,1,2559,181,202,167,1,0,0,0,0,0,1,0,0,0,0,0,0,0,0,0,0,0
46,Paras,Normal,1,1018,111,121,99,1,0,0,1,0,0,0,0,0,0,0,0,0,0,0,0,0,0
47,Parasect,Normal,1,1859,155,165,146,1,0,0,1,0,0,0,0,0,0,0,0,0,0,0,0,0,0
48,Venonat,Normal,1,1004,155,100,100,0,0,0,1,0,0,1,0,0,0,0,0,0,0,0,0,0,0
48,Venonat,Purified,1,1004,155,100,100,0,0,0,1,0,0,1,0,0,0,0,0,0,0,0,0,0,0
48,Venonat,Shadow,1,1004,155,100,100,0,0,0,1,0,0,1,0,0,0,0,0,0,0,0,0,0,0
49,Venomoth,Normal,1,2082,172,179,143,0,0,0,1,0,0,1,0,0,0,0,0,0,0,0,0,0,0
49,Venomoth,Purified,1,2082,172,179,143,0,0,0,1,0,0,1,0,0,0,0,0,0,0,0,0,0,0
49,Venomoth,Shadow,1,2082,172,179,143,0,0,0,1,0,0,1,0,0,0,0,0,0,0,0,0,0,0
50,Diglett,Alola,1,681,67,108,81,0,0,0,0,0,0,0,0,0,1,0,0,0,0,0,0,1,0
50,Diglett,Normal,1,676,67,109,78,0,0,0,0,0,0,0,0,0,1,0,0,0,0,0,0,0,0
50,Diglett,Purified,1,676,67,109,78,0,0,0,0,0,0,0,0,0,1,0,0,0,0,0,0,0,0
50,Diglett,Shadow,1,676,67,109,78,0,0,0,0,0,0,0,0,0,1,0,0,0,0,0,0,0,0
51,Dugtrio,Alola,1,1897,111,201,142,0,0,0,0,0,0,0,0,0,1,0,0,0,0,0,0,1,0
51,Dugtrio,Normal,1,1567,111,167,136,0,0,0,0,0,0,0,0,0,1,0,0,0,0,0,0,0,0
51,Dugtrio,Purified,1,1557,111,167,134,0,0,0,0,0,0,0,0,0,1,0,0,0,0,0,0,0,0
51,Dugtrio,Shadow,1,1557,111,167,134,0,0,0,0,0,0,0,0,0,1,0,0,0,0,0,0,0,0
52,Meowth,Alola,1,797,120,99,78,0,0,0,0,0,1,0,0,0,0,0,0,0,0,0,0,0,0
52,Meowth,Normal,1,748,120,92,78,0,0,0,0,1,0,0,0,0,0,0,0,0,0,0,0,0,0
52,Meowth,Purified,1,748,120,92,78,0,0,0,0,1,0,0,0,0,0,0,0,0,0,0,0,0,0
52,Meowth,Shadow,1,748,120,92,78,0,0,0,0,1,0,0,0,0,0,0,0,0,0,0,0,0,0
53,Persian,Alola,1,1771,163,158,136,0,0,0,0,0,1,0,0,0,0,0,0,0,0,0,0,0,0
53,Persian,Normal,1,1689,163,150,136,0,0,0,0,1,0,0,0,0,0,0,0,0,0,0,0,0,0
53,Persian,Purified,1,1689,163,150,136,0,0,0,0,1,0,0,0,0,0,0,0,0,0,0,0,0,0
53,Persian,Shadow,1,1689,163,150,136,0,0,0,0,1,0,0,0,0,0,0,0,0,0,0,0,0,0
54,Psyduck,Normal,1,1106,137,122,95,0,0,1,0,0,0,0,0,0,0,0,0,0,0,0,0,0,0
54,Psyduck,Purified,1,1106,137,122,95,0,0,1,0,0,0,0,0,0,0,0,0,0,0,0,0,0,0
54,Psyduck,Shadow,1,1106,137,122,95,0,0,1,0,0,0,0,0,0,0,0,0,0,0,0,0,0,0
55,Golduck,Normal,1,2450,190,191,162,0,0,1,0,0,0,0,0,0,0,0,0,0,0,0,0,0,0
55,Golduck,Purified,1,2450,190,191,162,0,0,1,0,0,0,0,0,0,0,0,0,0,0,0,0,0,0
55,Golduck,Shadow,1,2450,190,191,162,0,0,1,0,0,0,0,0,0,0,0,0,0,0,0,0,0,0
56,Mankey,Normal,1,1164,120,148,82,0,0,0,0,0,0,0,0,0,0,0,1,0,0,0,0,0,0
57,Primeape,Normal,1,2288,163,207,138,0,0,0,0,0,0,0,0,0,0,0,1,0,0,0,0,0,0
58,Growlithe,Normal,1,1243,146,136,93,0,1,0,0,0,0,0,0,0,0,0,0,0,0,0,0,0,0
58,Growlithe,Purified,1,1243,146,136,93,0,1,0,0,0,0,0,0,0,0,0,0,0,0,0,0,0,0
58,Growlithe,Shadow,1,1243,146,136,93,0,1,0,0,0,0,0,0,0,0,0,0,0,0,0,0,0,0
59,Arcanine,Normal,1,3029,207,227,166,0,1,0,0,0,0,0,0,0,0,0,0,0,0,0,0,0,0
59,Arcanine,Purified,1,3029,207,227,166,0,1,0,0,0,0,0,0,0,0,0,0,0,0,0,0,0,0
59,Arcanine,Shadow,1,3029,207,227,166,0,1,0,0,0,0,0,0,0,0,0,0,0,0,0,0,0,0
60,Poliwag,Normal,1,829,120,101,82,0,0,1,0,0,0,0,0,0,0,0,0,0,0,0,0,0,0
60,Poliwag,Purified,1,829,120,101,82,0,0,1,0,0,0,0,0,0,0,0,0,0,0,0,0,0,0
60,Poliwag,Shadow,1,829,120,101,82,0,0,1,0,0,0,0,0,0,0,0,0,0,0,0,0,0,0
61,Poliwhirl,Normal,1,1419,163,130,123,0,0,1,0,0,0,0,0,0,0,0,0,0,0,0,0,0,0
61,Poliwhirl,Purified,1,1419,163,130,123,0,0,1,0,0,0,0,0,0,0,0,0,0,0,0,0,0,0
61,Poliwhirl,Shadow,1,1419,163,130,123,0,0,1,0,0,0,0,0,0,0,0,0,0,0,0,0,0,0
62,Poliwrath,Normal,1,2586,207,182,184,0,0,1,0,0,0,0,0,0,0,0,1,0,0,0,0,0,0
62,Poliwrath,Purified,1,2586,207,182,184,0,0,1,0,0,0,0,0,0,0,0,1,0,0,0,0,0,0
62,Poliwrath,Shadow,1,2586,207,182,184,0,0,1,0,0,0,0,0,0,0,0,1,0,0,0,0,0,0
63,Abra,Normal,1,1342,93,195,82,0,0,0,0,0,0,0,0,0,0,0,0,1,0,0,0,0,0
63,Abra,Purified,1,1342,93,195,82,0,0,0,0,0,0,0,0,0,0,0,0,1,0,0,0,0,0
63,Abra,Shadow,1,1342,93,195,82,0,0,0,0,0,0,0,0,0,0,0,0,1,0,0,0,0,0
64,Kadabra,Normal,1,2059,120,232,117,0,0,0,0,0,0,0,0,0,0,0,0,1,0,0,0,0,0
64,Kadabra,Purified,1,2059,120,232,117,0,0,0,0,0,0,0,0,0,0,0,0,1,0,0,0,0,0
64,Kadabra,Shadow,1,2059,120,232,117,0,0,0,0,0,0,0,0,0,0,0,0,1,0,0,0,0,0
65,Alakazam,Normal,1,3057,146,271,167,0,0,0,0,0,0,0,0,0,0,0,0,1,0,0,0,0,0
65,Alakazam,Purified,1,3057,146,271,167,0,0,0,0,0,0,0,0,0,0,0,0,1,0,0,0,0,0
65,Alakazam,Shadow,1,3057,146,271,167,0,0,0,0,0,0,0,0,0,0,0,0,1,0,0,0,0,0
66,Machop,Normal,1,1278,172,137,82,0,0,0,0,0,0,0,0,0,0,0,1,0,0,0,0,0,0
67,Machoke,Normal,1,2031,190,177,125,0,0,0,0,0,0,0,0,0,0,0,1,0,0,0,0,0,0
68,Machamp,Normal,1,3056,207,234,159,0,0,0,0,0,0,0,0,0,0,0,1,0,0,0,0,0,0
69,Bellsprout,Normal,1,1033,137,139,61,1,0,0,0,0,0,1,0,0,0,0,0,0,0,0,0,0,0
69,Bellsprout,Purified,1,1033,137,139,61,1,0,0,0,0,0,1,0,0,0,0,0,0,0,0,0,0,0
69,Bellsprout,Shadow,1,1033,137,139,61,1,0,0,0,0,0,1,0,0,0,0,0,0,0,0,0,0,0
70,Weepinbell,Normal,1,1611,163,172,92,1,0,0,0,0,0,1,0,0,0,0,0,0,0,0,0,0,0
70,Weepinbell,Purified,1,1611,163,172,92,1,0,0,0,0,0,1,0,0,0,0,0,0,0,0,0,0,0
70,Weepinbell,Shadow,1,1611,163,172,92,1,0,0,0,0,0,1,0,0,0,0,0,0,0,0,0,0,0
71,Victreebel,Normal,1,2431,190,207,135,1,0,0,0,0,0,1,0,0,0,0,0,0,0,0,0,0,0
71,Victreebel,Purified,1,2431,190,207,135,1,0,0,0,0,0,1,0,0,0,0,0,0,0,0,0,0,0
71,Victreebel,Shadow,1,2431,190,207,135,1,0,0,0,0,0,1,0,0,0,0,0,0,0,0,0,0,0
72,Tentacool,Normal,1,1040,120,97,149,0,0,1,0,0,0,1,0,0,0,0,0,0,0,0,0,0,0
73,Tentacruel,Normal,1,2422,190,166,209,0,0,1,0,0,0,1,0,0,0,0,0,0,0,0,0,0,0
74,Geodude,Alola,1,1293,120,132,132,0,0,0,0,0,0,0,1,0,0,0,0,0,1,0,0,0,0
74,Geodude,Normal,1,1293,120,132,132,0,0,0,0,0,0,0,0,0,1,0,0,0,1,0,0,0,0
74,Geodude,Purified,1,1293,120,132,132,0,0,0,0,0,0,0,0,0,1,0,0,0,1,0,0,0,0
74,Geodude,Shadow,1,1293,120,132,132,0,0,0,0,0,0,0,0,0,1,0,0,0,1,0,0,0,0
75,Graveler,Alola,1,1897,146,164,164,0,0,0,0,0,0,0,1,0,0,0,0,0,1,0,0,0,0
75,Graveler,Normal,1,1897,146,164,164,0,0,0,0,0,0,0,0,0,1,0,0,0,1,0,0,0,0
75,Graveler,Purified,1,1897,146,164,164,0,0,0,0,0,0,0,0,0,1,0,0,0,1,0,0,0,0
75,Graveler,Shadow,1,1897,146,164,164,0,0,0,0,0,0,0,0,0,1,0,0,0,1,0,0,0,0
76,Golem,Alola,1,2949,190,211,198,0,0,0,0,0,0,0,1,0,0,0,0,0,1,0,0,0,0
76,Golem,Normal,1,2949,190,211,198,0,0,0,0,0,0,0,0,0,1,0,0,0,1,0,0,0,0
76,Golem,Purified,1,2949,190,211,198,0,0,0,0,0,0,0,0,0,1,0,0,0,1,0,0,0,0
76,Golem,Shadow,1,2949,190,211,198,0,0,0,0,0,0,0,0,0,1,0,0,0,1,0,0,0,0
77,Ponyta,Normal,1,1697,137,170,127,0,1,0,0,0,0,0,0,0,0,0,0,0,0,0,0,0,0
78,Rapidash,Normal,1,2461,163,207,162,0,1,0,0,0,0,0,0,0,0,0,0,0,0,0,0,0,0
79,Slowpoke,Normal,1,1226,207,109,98,0,0,1,0,0,0,0,0,0,0,0,0,1,0,0,0,0,0
80,Slowbro,Normal,1,2545,216,177,180,0,0,1,0,0,0,0,0,0,0,0,0,1,0,0,0,0,0
81,Magnemite,Normal,1,1362,93,165,121,0,0,0,0,0,0,0,1,0,0,0,0,0,0,0,0,1,0
81,Magnemite,Purified,1,1362,93,165,121,0,0,0,0,0,0,0,1,0,0,0,0,0,0,0,0,1,0
81,Magnemite,Shadow,1,1362,93,165,121,0,0,0,0,0,0,0,1,0,0,0,0,0,0,0,0,1,0
82,Magneton,Normal,1,2485,137,223,169,0,0,0,0,0,0,0,1,0,0,0,0,0,0,0,0,1,0
82,Magneton,Purified,1,2485,137,223,169,0,0,0,0,0,0,0,1,0,0,0,0,0,0,0,0,1,0
82,Magneton,Shadow,1,2485,137,223,169,0,0,0,0,0,0,0,1,0,0,0,0,0,0,0,0,1,0
83,Farfetch’d,Normal,1,1236,141,124,115,0,0,0,0,1,0,0,0,0,0,0,0,0,0,0,0,0,1
84,Doduo,Normal,1,1200,111,158,83,0,0,0,0,1,0,0,0,0,0,0,0,0,0,0,0,0,1
85,Dodrio,Normal,1,2362,155,218,140,0,0,0,0,1,0,0,0,0,0,0,0,0,0,0,0,0,1
86,Seel,Normal,1,971,163,85,121,0,0,1,0,0,0,0,0,0,0,0,0,0,0,0,0,0,0
87,Dewgong,Normal,1,1985,207,139,177,0,0,1,0,0,0,0,0,1,0,0,0,0,0,0,0,0,0
88,Grimer,Alola,1,1374,190,135,90,0,0,0,0,0,1,1,0,0,0,0,0,0,0,0,0,0,0
88,Grimer,Normal,1,1374,190,135,90,0,0,0,0,0,0,1,0,0,0,0,0,0,0,0,0,0,0
88,Grimer,Purified,1,1374,190,135,90,0,0,0,0,0,0,1,0,0,0,0,0,0,0,0,0,0,0
88,Grimer,Shadow,1,1374,190,135,90,0,0,0,0,0,0,1,0,0,0,0,0,0,0,0,0,0,0
89,Muk,Alola,1,2757,233,190,172,0,0,0,0,0,1,1,0,0,0,0,0,0,0,0,0,0,0
89,Muk,Normal,1,2757,233,190,172,0,0,0,0,0,0,1,0,0,0,0,0,0,0,0,0,0,0
89,Muk,Purified,1,2757,233,190,172,0,0,0,0,0,0,1,0,0,0,0,0,0,0,0,0,0,0
89,Muk,Shadow,1,2757,233,190,172,0,0,0,0,0,0,1,0,0,0,0,0,0,0,0,0,0,0
90,Shellder,Normal,1,1080,102,116,134,0,0,1,0,0,0,0,0,0,0,0,0,0,0,0,0,0,0
90,Shellder,Purified,1,1080,102,116,134,0,0,1,0,0,0,0,0,0,0,0,0,0,0,0,0,0,0
90,Shellder,Shadow,1,1080,102,116,134,0,0,1,0,0,0,0,0,0,0,0,0,0,0,0,0,0,0
91,Cloyster,Normal,1,2547,137,186,256,0,0,1,0,0,0,0,0,1,0,0,0,0,0,0,0,0,0
91,Cloyster,Purified,1,2547,137,186,256,0,0,1,0,0,0,0,0,1,0,0,0,0,0,0,0,0,0
91,Cloyster,Shadow,1,2547,137,186,256,0,0,1,0,0,0,0,0,1,0,0,0,0,0,0,0,0,0
92,Gastly,Normal,1,1229,102,186,67,0,0,0,0,0,0,1,0,0,0,0,0,0,0,1,0,0,0
93,Haunter,Normal,1,1963,128,223,107,0,0,0,0,0,0,1,0,0,0,0,0,0,0,1,0,0,0
94,Gengar,Normal,1,2878,155,261,149,0,0,0,0,0,0,1,0,0,0,0,0,0,0,1,0,0,0
95,Onix,Normal,1,1101,111,85,232,0,0,0,0,0,0,0,0,0,1,0,0,0,1,0,0,0,0
95,Onix,Purified,1,1101,111,85,232,0,0,0,0,0,0,0,0,0,1,0,0,0,1,0,0,0,0
95,Onix,Shadow,1,1101,111,85,232,0,0,0,0,0,0,0,0,0,1,0,0,0,1,0,0,0,0
96,Drowzee,Normal,1,1040,155,89,136,0,0,0,0,0,0,0,0,0,0,0,0,1,0,0,0,0,0
96,Drowzee,Purified,1,1040,155,89,136,0,0,0,0,0,0,0,0,0,0,0,0,1,0,0,0,0,0
96,Drowzee,Shadow,1,1040,155,89,136,0,0,0,0,0,0,0,0,0,0,0,0,1,0,0,0,0,0
97,Hypno,Normal,1,2090,198,144,193,0,0,0,0,0,0,0,0,0,0,0,0,1,0,0,0,0,0
97,Hypno,Purified,1,2090,198,144,193,0,0,0,0,0,0,0,0,0,0,0,0,1,0,0,0,0,0
97,Hypno,Shadow,1,2090,198,144,193,0,0,0,0,0,0,0,0,0,0,0,0,1,0,0,0,0,0
98,Krabby,Normal,1,1561,102,181,124,0,0,1,0,0,0,0,0,0,0,0,0,0,0,0,0,0,0
98,Krabby,Purified,1,1561,102,181,124,0,0,1,0,0,0,0,0,0,0,0,0,0,0,0,0,0,0
98,Krabby,Shadow,1,1561,102,181,124,0,0,1,0,0,0,0,0,0,0,0,0,0,0,0,0,0,0
99,Kingler,Normal,1,2829,146,240,181,0,0,1,0,0,0,0,0,0,0,0,0,0,0,0,0,0,0
99,Kingler,Purified,1,2829,146,240,181,0,0,1,0,0,0,0,0,0,0,0,0,0,0,0,0,0,0
99,Kingler,Shadow,1,2829,146,240,181,0,0,1,0,0,0,0,0,0,0,0,0,0,0,0,0,0,0
100,Voltorb,Normal,1,1010,120,109,111,0,0,0,0,0,0,0,1,0,0,0,0,0,0,0,0,0,0
101,Electrode,Normal,1,2099,155,173,173,0,0,0,0,0,0,0,1,0,0,0,0,0,0,0,0,0,0
102,Exeggcute,Normal,1,1175,155,107,125,1,0,0,0,0,0,0,0,0,0,0,0,1,0,0,0,0,0
103,Exeggutor,Alola,1,3014,216,230,153,1,0,0,0,0,0,0,0,0,0,0,0,0,0,0,1,0,0
103,Exeggutor,Normal,1,3014,216,233,149,1,0,0,0,0,0,0,0,0,0,0,0,1,0,0,0,0,0
104,Cubone,Normal,1,1019,137,90,144,0,0,0,0,0,0,0,0,0,1,0,0,0,0,0,0,0,0
104,Cubone,Purified,1,1019,137,90,144,0,0,0,0,0,0,0,0,0,1,0,0,0,0,0,0,0,0
104,Cubone,Shadow,1,1019,137,90,144,0,0,0,0,0,0,0,0,0,1,0,0,0,0,0,0,0,0
105,Marowak,Alola,1,1835,155,144,186,0,1,0,0,0,0,0,0,0,0,0,0,0,0,1,0,0,0
105,Marowak,Normal,1,1835,155,144,186,0,0,0,0,0,0,0,0,0,1,0,0,0,0,0,0,0,0
105,Marowak,Purified,1,1835,155,144,186,0,0,0,0,0,0,0,0,0,1,0,0,0,0,0,0,0,0
105,Marowak,Shadow,1,1835,155,144,186,0,0,0,0,0,0,0,0,0,1,0,0,0,0,0,0,0,0
106,Hitmonlee,Normal,1,2576,137,224,181,0,0,0,0,0,0,0,0,0,0,0,1,0,0,0,0,0,0
106,Hitmonlee,Purified,1,2576,137,224,181,0,0,0,0,0,0,0,0,0,0,0,1,0,0,0,0,0,0
106,Hitmonlee,Shadow,1,2576,137,224,181,0,0,0,0,0,0,0,0,0,0,0,1,0,0,0,0,0,0
107,Hitmonchan,Normal,1,2332,137,193,197,0,0,0,0,0,0,0,0,0,0,0,1,0,0,0,0,0,0
107,Hitmonchan,Purified,1,2332,137,193,197,0,0,0,0,0,0,0,0,0,0,0,1,0,0,0,0,0,0
107,Hitmonchan,Shadow,1,2332,137,193,197,0,0,0,0,0,0,0,0,0,0,0,1,0,0,0,0,0,0
108,Lickitung,Normal,1,1411,207,108,137,0,0,0,0,1,0,0,0,0,0,0,0,0,0,0,0,0,0
109,Koffing,Normal,1,1214,120,119,141,0,0,0,0,0,0,1,0,0,0,0,0,0,0,0,0,0,0
109,Koffing,Purified,1,1214,120,119,141,0,0,0,0,0,0,1,0,0,0,0,0,0,0,0,0,0,0
109,Koffing,Shadow,1,1214,120,119,141,0,0,0,0,0,0,1,0,0,0,0,0,0,0,0,0,0,0
110,Weezing,Galarian,1,2293,163,174,197,0,0,0,0,0,0,1,0,0,0,1,0,0,0,0,0,0,0
110,Weezing,Normal,1,2293,163,174,197,0,0,0,0,0,0,1,0,0,0,0,0,0,0,0,0,0,0
110,Weezing,Purified,1,2293,163,174,197,0,0,0,0,0,0,1,0,0,0,0,0,0,0,0,0,0,0
110,Weezing,Shadow,1,2293,163,174,197,0,0,0,0,0,0,1,0,0,0,0,0,0,0,0,0,0,0
111,Rhyhorn,Normal,1,1651,190,140,127,0,0,0,0,0,0,0,0,0,1,0,0,0,1,0,0,0,0
111,Rhyhorn,Purified,1,1651,190,140,127,0,0,0,0,0,0,0,0,0,1,0,0,0,1,0,0,0,0
111,Rhyhorn,Shadow,1,1651,190,140,127,0,0,0,0,0,0,0,0,0,1,0,0,0,1,0,0,0,0
112,Rhydon,Normal,1,3179,233,222,171,0,0,0,0,0,0,0,0,0,1,0,0,0,1,0,0,0,0
112,Rhydon,Purified,1,3179,233,222,171,0,0,0,0,0,0,0,0,0,1,0,0,0,1,0,0,0,0
112,Rhydon,Shadow,1,3179,233,222,171,0,0,0,0,0,0,0,0,0,1,0,0,0,1,0,0,0,0
113,Chansey,Normal,1,1255,487,60,128,0,0,0,0,1,0,0,0,0,0,0,0,0,0,0,0,0,0
114,Tangela,Normal,1,2238,163,183,169,1,0,0,0,0,0,0,0,0,0,0,0,0,0,0,0,0,0
115,Kangaskhan,Normal,1,2586,233,181,165,0,0,0,0,1,0,0,0,0,0,0,0,0,0,0,0,0,0
115,Kangaskhan,Purified,1,2586,233,181,165,0,0,0,0,1,0,0,0,0,0,0,0,0,0,0,0,0,0
115,Kangaskhan,Shadow,1,2586,233,181,165,0,0,0,0,1,0,0,0,0,0,0,0,0,0,0,0,0,0
116,Horsea,Normal,1,1056,102,129,103,0,0,1,0,0,0,0,0,0,0,0,0,0,0,0,0,0,0
117,Seadra,Normal,1,2093,146,187,156,0,0,1,0,0,0,0,0,0,0,0,0,0,0,0,0,0,0
118,Goldeen,Normal,1,1152,128,123,110,0,0,1,0,0,0,0,0,0,0,0,0,0,0,0,0,0,0
119,Seaking,Normal,1,2162,190,175,147,0,0,1,0,0,0,0,0,0,0,0,0,0,0,0,0,0,0
120,Staryu,Normal,1,1157,102,137,112,0,0,1,0,0,0,0,0,0,0,0,0,0,0,0,0,0,0
121,Starmie,Normal,1,2584,155,210,184,0,0,1,0,0,0,0,0,0,0,0,0,1,0,0,0,0,0
122,Mr. Mime,Normal,1,2228,120,192,205,0,0,0,0,0,0,0,0,0,0,1,0,1,0,0,0,0,0
123,Scyther,Normal,1,2706,172,218,170,0,0,0,1,0,0,0,0,0,0,0,0,0,0,0,0,0,1
123,Scyther,Purified,1,2706,172,218,170,0,0,0,1,0,0,0,0,0,0,0,0,0,0,0,0,0,1
123,Scyther,Shadow,1,2706,172,218,170,0,0,0,1,0,0,0,0,0,0,0,0,0,0,0,0,0,1
124,Jynx,Normal,1,2555,163,223,151,0,0,0,0,0,0,0,0,1,0,0,0,1,0,0,0,0,0
125,Electabuzz,Normal,1,2334,163,198,158,0,0,0,0,0,0,0,1,0,0,0,0,0,0,0,0,0,0
125,Electabuzz,Purified,1,2334,163,198,158,0,0,0,0,0,0,0,1,0,0,0,0,0,0,0,0,0,0
125,Electabuzz,Shadow,1,2334,163,198,158,0,0,0,0,0,0,0,1,0,0,0,0,0,0,0,0,0,0
126,Magmar,Normal,1,2394,163,206,154,0,1,0,0,0,0,0,0,0,0,0,0,0,0,0,0,0,0
126,Magmar,Purified,1,2394,163,206,154,0,1,0,0,0,0,0,0,0,0,0,0,0,0,0,0,0,0
126,Magmar,Shadow,1,2394,163,206,154,0,1,0,0,0,0,0,0,0,0,0,0,0,0,0,0,0,0
127,Pinsir,Normal,1,2959,163,238,182,0,0,0,1,0,0,0,0,0,0,0,0,0,0,0,0,0,0
128,Tauros,Normal,1,2620,181,198,183,0,0,0,0,1,0,0,0,0,0,0,0,0,0,0,0,0,0
129,Magikarp,Normal,1,274,85,29,85,0,0,1,0,0,0,0,0,0,0,0,0,0,0,0,0,0,0
129,Magikarp,Purified,1,274,85,29,85,0,0,1,0,0,0,0,0,0,0,0,0,0,0,0,0,0,0
129,Magikarp,Shadow,1,274,85,29,85,0,0,1,0,0,0,0,0,0,0,0,0,0,0,0,0,0,0
130,Gyarados,Normal,1,3391,216,237,186,0,0,1,0,0,0,0,0,0,0,0,0,0,0,0,0,0,1
130,Gyarados,Purified,1,3391,216,237,186,0,0,1,0,0,0,0,0,0,0,0,0,0,0,0,0,0,1
130,Gyarados,Shadow,1,3391,216,237,186,0,0,1,0,0,0,0,0,0,0,0,0,0,0,0,0,0,1
131,Lapras,Normal,1,2641,277,165,174,0,0,1,0,0,0,0,0,1,0,0,0,0,0,0,0,0,0
131,Lapras,Purified,1,2641,277,165,174,0,0,1,0,0,0,0,0,1,0,0,0,0,0,0,0,0,0
131,Lapras,Shadow,1,2641,277,165,174,0,0,1,0,0,0,0,0,1,0,0,0,0,0,0,0,0,0
132,Ditto,Normal,1,832,134,91,91,0,0,0,0,1,0,0,0,0,0,0,0,0,0,0,0,0,0
133,Eevee,Normal,1,1071,146,104,114,0,0,0,0,1,0,0,0,0,0,0,0,0,0,0,0,0,0
134,Vaporeon,Normal,1,3114,277,205,161,0,0,1,0,0,0,0,0,0,0,0,0,0,0,0,0,0,0
135,Jolteon,Normal,1,2888,163,232,182,0,0,0,0,0,0,0,1,0,0,0,0,0,0,0,0,0,0
136,Flareon,Normal,1,3029,163,246,179,0,1,0,0,0,0,0,0,0,0,0,0,0,0,0,0,0,0
137,Porygon,Normal,1,1720,163,153,136,0,0,0,0,1,0,0,0,0,0,0,0,0,0,0,0,0,0
137,Porygon,Purified,1,1720,163,153,136,0,0,0,0,1,0,0,0,0,0,0,0,0,0,0,0,0,0
137,Porygon,Shadow,1,1720,163,153,136,0,0,0,0,1,0,0,0,0,0,0,0,0,0,0,0,0,0
138,Omanyte,Normal,1,1544,111,155,153,0,0,1,0,0,0,0,0,0,0,0,0,0,1,0,0,0,0
139,Omastar,Normal,1,2786,172,207,201,0,0,1,0,0,0,0,0,0,0,0,0,0,1,0,0,0,0
140,Kabuto,Normal,1,1370,102,148,140,0,0,1,0,0,0,0,0,0,0,0,0,0,1,0,0,0,0
141,Kabutops,Normal,1,2713,155,220,186,0,0,1,0,0,0,0,0,0,0,0,0,0,1,0,0,0,0
142,Aerodactyl,Normal,1,2783,190,221,159,0,0,0,0,0,0,0,0,0,0,0,0,0,1,0,0,0,1
143,Snorlax,Normal,1,3225,330,190,169,0,0,0,0,1,0,0,0,0,0,0,0,0,0,0,0,0,0
143,Snorlax,Purified,1,3225,330,190,169,0,0,0,0,1,0,0,0,0,0,0,0,0,0,0,0,0,0
143,Snorlax,Shadow,1,3225,330,190,169,0,0,0,0,1,0,0,0,0,0,0,0,0,0,0,0,0,0
144,Articuno,Normal,1,3051,207,192,236,0,0,0,0,0,0,0,0,1,0,0,0,0,0,0,0,0,1
144,Articuno,Purified,1,3051,207,192,236,0,0,0,0,0,0,0,0,1,0,0,0,0,0,0,0,0,1
144,Articuno,Shadow,1,3051,207,192,236,0,0,0,0,0,0,0,0,1,0,0,0,0,0,0,0,0,1
145,Zapdos,Normal,1,3527,207,253,185,0,0,0,0,0,0,0,1,0,0,0,0,0,0,0,0,0,1
145,Zapdos,Purified,1,3527,207,253,185,0,0,0,0,0,0,0,1,0,0,0,0,0,0,0,0,0,1
145,Zapdos,Shadow,1,3527,207,253,185,0,0,0,0,0,0,0,1,0,0,0,0,0,0,0,0,0,1
146,Moltres,Normal,1,3465,207,251,181,0,1,0,0,0,0,0,0,0,0,0,0,0,0,0,0,0,1
146,Moltres,Purified,1,3465,207,251,181,0,1,0,0,0,0,0,0,0,0,0,0,0,0,0,0,0,1
146,Moltres,Shadow,1,3465,207,251,181,0,1,0,0,0,0,0,0,0,0,0,0,0,0,0,0,0,1
147,Dratini,Normal,1,1004,121,119,91,0,0,0,0,0,0,0,0,0,0,0,0,0,0,0,1,0,0
147,Dratini,Purified,1,1004,121,119,91,0,0,0,0,0,0,0,0,0,0,0,0,0,0,0,1,0,0
147,Dratini,Shadow,1,1004,121,119,91,0,0,0,0,0,0,0,0,0,0,0,0,0,0,0,1,0,0
148,Dragonair,Normal,1,1780,156,163,135,0,0,0,0,0,0,0,0,0,0,0,0,0,0,0,1,0,0
148,Dragonair,Purified,1,1780,156,163,135,0,0,0,0,0,0,0,0,0,0,0,0,0,0,0,1,0,0
148,Dragonair,Shadow,1,1780,156,163,135,0,0,0,0,0,0,0,0,0,0,0,0,0,0,0,1,0,0
149,Dragonite,Normal,1,3792,209,263,198,0,0,0,0,0,0,0,0,0,0,0,0,0,0,0,1,0,1
149,Dragonite,Purified,1,3792,209,263,198,0,0,0,0,0,0,0,0,0,0,0,0,0,0,0,1,0,1
149,Dragonite,Shadow,1,3792,209,263,198,0,0,0,0,0,0,0,0,0,0,0,0,0,0,0,1,0,1
150,Mewtwo,Armored,1,3187,214,182,278,0,0,0,0,0,0,0,0,0,0,0,0,1,0,0,0,0,0
150,Mewtwo,Normal,1,4178,214,300,182,0,0,0,0,0,0,0,0,0,0,0,0,1,0,0,0,0,0
151,Mew,Normal,1,3265,225,210,210,0,0,0,0,0,0,0,0,0,0,0,0,1,0,0,0,0,0
152,Chikorita,Normal,1,935,128,92,122,1,0,0,0,0,0,0,0,0,0,0,0,0,0,0,0,0,0
153,Bayleef,Normal,1,1454,155,122,155,1,0,0,0,0,0,0,0,0,0,0,0,0,0,0,0,0,0
154,Meganium,Normal,1,2410,190,168,202,1,0,0,0,0,0,0,0,0,0,0,0,0,0,0,0,0,0
155,Cyndaquil,Normal,1,980,118,116,93,0,1,0,0,0,0,0,0,0,0,0,0,0,0,0,0,0,0
156,Quilava,Normal,1,1653,151,158,126,0,1,0,0,0,0,0,0,0,0,0,0,0,0,0,0,0,0
157,Typhlosion,Normal,1,2889,186,223,173,0,1,0,0,0,0,0,0,0,0,0,0,0,0,0,0,0,0
158,Totodile,Normal,1,1131,137,117,109,0,0,1,0,0,0,0,0,0,0,0,0,0,0,0,0,0,0
159,Croconaw,Normal,1,1722,163,150,142,0,0,1,0,0,0,0,0,0,0,0,0,0,0,0,0,0,0
160,Feraligatr,Normal,1,2857,198,205,188,0,0,1,0,0,0,0,0,0,0,0,0,0,0,0,0,0,0
161,Sentret,Normal,1,618,111,79,73,0,0,0,0,1,0,0,0,0,0,0,0,0,0,0,0,0,0
162,Furret,Normal,1,1758,198,148,125,0,0,0,0,1,0,0,0,0,0,0,0,0,0,0,0,0,0
163,Hoothoot,Normal,1,677,155,67,88,0,0,0,0,1,0,0,0,0,0,0,0,0,0,0,0,0,1
164,Noctowl,Normal,1,2024,225,145,156,0,0,0,0,1,0,0,0,0,0,0,0,0,0,0,0,0,1
165,Ledyba,Normal,1,728,120,72,118,0,0,0,1,0,0,0,0,0,0,0,0,0,0,0,0,0,1
166,Ledian,Normal,1,1346,146,107,179,0,0,0,1,0,0,0,0,0,0,0,0,0,0,0,0,0,1
167,Spinarak,Normal,1,816,120,105,73,0,0,0,1,0,0,1,0,0,0,0,0,0,0,0,0,0,0
168,Ariados,Normal,1,1772,172,161,124,0,0,0,1,0,0,1,0,0,0,0,0,0,0,0,0,0,0
169,Crobat,Normal,1,2646,198,194,178,0,0,0,0,0,0,1,0,0,0,0,0,0,0,0,0,0,1
169,Crobat,Purified,1,2646,198,194,178,0,0,0,0,0,0,1,0,0,0,0,0,0,0,0,0,0,1
169,Crobat,Shadow,1,2646,198,194,178,0,0,0,0,0,0,1,0,0,0,0,0,0,0,0,0,0,1
170,Chinchou,Normal,1,1119,181,106,97,0,0,1,0,0,0,0,1,0,0,0,0,0,0,0,0,0,0
171,Lanturn,Normal,1,2085,268,146,137,0,0,1,0,0,0,0,1,0,0,0,0,0,0,0,0,0,0
172,Pichu,Normal,1,473,85,77,53,0,0,0,0,0,0,0,1,0,0,0,0,0,0,0,0,0,0
173,Cleffa,Normal,1,671,137,75,79,0,0,0,0,0,0,0,0,0,0,1,0,0,0,0,0,0,0
174,Igglybuff,Normal,1,535,207,69,32,0,0,0,0,1,0,0,0,0,0,1,0,0,0,0,0,0,0
175,Togepi,Normal,1,657,111,67,116,0,0,0,0,0,0,0,0,0,0,1,0,0,0,0,0,0,0
176,Togetic,Normal,1,1708,146,139,181,0,0,0,0,0,0,0,0,0,0,1,0,0,0,0,0,0,1
177,Natu,Normal,1,1102,120,134,89,0,0,0,0,0,0,0,0,0,0,0,0,1,0,0,0,0,1
178,Xatu,Normal,1,2188,163,192,146,0,0,0,0,0,0,0,0,0,0,0,0,1,0,0,0,0,1
179,Mareep,Normal,1,991,146,114,79,0,0,0,0,0,0,0,1,0,0,0,0,0,0,0,0,0,0
179,Mareep,Purified,1,991,146,114,79,0,0,0,0,0,0,0,1,0,0,0,0,0,0,0,0,0,0
179,Mareep,Shadow,1,991,146,114,79,0,0,0,0,0,0,0,1,0,0,0,0,0,0,0,0,0,0
180,Flaaffy,Normal,1,1521,172,145,109,0,0,0,0,0,0,0,1,0,0,0,0,0,0,0,0,0,0
180,Flaaffy,Purified,1,1521,172,145,109,0,0,0,0,0,0,0,1,0,0,0,0,0,0,0,0,0,0
180,Flaaffy,Shadow,1,1521,172,145,109,0,0,0,0,0,0,0,1,0,0,0,0,0,0,0,0,0,0
181,Ampharos,Normal,1,2852,207,211,169,0,0,0,0,0,0,0,1,0,0,0,0,0,0,0,0,0,0
181,Ampharos,Purified,1,2852,207,211,169,0,0,0,0,0,0,0,1,0,0,0,0,0,0,0,0,0,0
181,Ampharos,Shadow,1,2852,207,211,169,0,0,0,0,0,0,0,1,0,0,0,0,0,0,0,0,0,0
182,Bellossom,Normal,1,2281,181,169,186,1,0,0,0,0,0,0,0,0,0,0,0,0,0,0,0,0,0
182,Bellossom,Purified,1,2281,181,169,186,1,0,0,0,0,0,0,0,0,0,0,0,0,0,0,0,0,0
182,Bellossom,Shadow,1,2281,181,169,186,1,0,0,0,0,0,0,0,0,0,0,0,0,0,0,0,0,0
183,Marill,Normal,1,461,172,37,93,0,0,1,0,0,0,0,0,0,0,1,0,0,0,0,0,0,0
184,Azumarill,Normal,1,1588,225,112,152,0,0,1,0,0,0,0,0,0,0,1,0,0,0,0,0,0,0
185,Sudowoodo,Normal,1,2148,172,167,176,0,0,0,0,0,0,0,0,0,0,0,0,0,1,0,0,0,0
186,Politoed,Normal,1,2449,207,174,179,0,0,1,0,0,0,0,0,0,0,0,0,0,0,0,0,0,0
186,Politoed,Purified,1,2449,207,174,179,0,0,1,0,0,0,0,0,0,0,0,0,0,0,0,0,0,0
186,Politoed,Shadow,1,2449,207,174,179,0,0,1,0,0,0,0,0,0,0,0,0,0,0,0,0,0,0
187,Hoppip,Normal,1,600,111,67,94,1,0,0,0,0,0,0,0,0,0,0,0,0,0,0,0,0,1
188,Skiploom,Normal,1,976,146,91,120,1,0,0,0,0,0,0,0,0,0,0,0,0,0,0,0,0,1
189,Jumpluff,Normal,1,1636,181,118,183,1,0,0,0,0,0,0,0,0,0,0,0,0,0,0,0,0,1
190,Aipom,Normal,1,1348,146,136,112,0,0,0,0,1,0,0,0,0,0,0,0,0,0,0,0,0,0
191,Sunkern,Normal,1,395,102,55,55,1,0,0,0,0,0,0,0,0,0,0,0,0,0,0,0,0,0
192,Sunflora,Normal,1,2141,181,185,135,1,0,0,0,0,0,0,0,0,0,0,0,0,0,0,0,0,0
193,Yanma,Normal,1,1470,163,154,94,0,0,0,1,0,0,0,0,0,0,0,0,0,0,0,0,0,1
194,Wooper,Normal,1,641,146,75,66,0,0,1,0,0,0,0,0,0,1,0,0,0,0,0,0,0,0
195,Quagsire,Normal,1,1992,216,152,143,0,0,1,0,0,0,0,0,0,1,0,0,0,0,0,0,0,0
196,Espeon,Normal,1,3170,163,261,175,0,0,0,0,0,0,0,0,0,0,0,0,1,0,0,0,0,0
197,Umbreon,Normal,1,2137,216,126,240,0,0,0,0,0,1,0,0,0,0,0,0,0,0,0,0,0,0
198,Murkrow,Normal,1,1562,155,175,87,0,0,0,0,0,1,0,0,0,0,0,0,0,0,0,0,0,1
198,Murkrow,Purified,1,1562,155,175,87,0,0,0,0,0,1,0,0,0,0,0,0,0,0,0,0,0,1
198,Murkrow,Shadow,1,1562,155,175,87,0,0,0,0,0,1,0,0,0,0,0,0,0,0,0,0,0,1
199,Slowking,Normal,1,2545,216,177,180,0,0,1,0,0,0,0,0,0,0,0,0,1,0,0,0,0,0
200,Misdreavus,Normal,1,1926,155,167,154,0,0,0,0,0,0,0,0,0,0,0,0,0,0,1,0,0,0
201,Unown,Normal,1,1185,134,136,91,0,0,0,0,0,0,0,0,0,0,0,0,1,0,0,0,0,0
202,Wobbuffet,Normal,1,1026,382,60,106,0,0,0,0,0,0,0,0,0,0,0,0,1,0,0,0,0,0
202,Wobbuffet,Purified,1,1026,382,60,106,0,0,0,0,0,0,0,0,0,0,0,0,1,0,0,0,0,0
202,Wobbuffet,Shadow,1,1026,382,60,106,0,0,0,0,0,0,0,0,0,0,0,0,1,0,0,0,0,0
203,Girafarig,Normal,1,2046,172,182,133,0,0,0,0,1,0,0,0,0,0,0,0,1,0,0,0,0,0
204,Pineco,Normal,1,1108,137,108,122,0,0,0,1,0,0,0,0,0,0,0,0,0,0,0,0,0,0
205,Forretress,Normal,1,2282,181,161,205,0,0,0,1,0,0,0,0,0,0,0,0,0,0,0,0,1,0
206,Dunsparce,Normal,1,1689,225,131,128,0,0,0,0,1,0,0,0,0,0,0,0,0,0,0,0,0,0
207,Gligar,Normal,1,1857,163,143,184,0,0,0,0,0,0,0,0,0,1,0,0,0,0,0,0,0,1
208,Steelix,Normal,1,2414,181,148,272,0,0,0,0,0,0,0,0,0,1,0,0,0,0,0,0,1,0
208,Steelix,Purified,1,2414,181,148,272,0,0,0,0,0,0,0,0,0,1,0,0,0,0,0,0,1,0
208,Steelix,Shadow,1,2414,181,148,272,0,0,0,0,0,0,0,0,0,1,0,0,0,0,0,0,1,0
209,Snubbull,Normal,1,1237,155,137,85,0,0,0,0,0,0,0,0,0,0,1,0,0,0,0,0,0,0
210,Granbull,Normal,1,2552,207,212,131,0,0,0,0,0,0,0,0,0,0,1,0,0,0,0,0,0,0
211,Qwilfish,Normal,1,2051,163,184,138,0,0,1,0,0,0,1,0,0,0,0,0,0,0,0,0,0,0
212,Scizor,Normal,1,3001,172,236,181,0,0,0,1,0,0,0,0,0,0,0,0,0,0,0,0,1,0
212,Scizor,Purified,1,3001,172,236,181,0,0,0,1,0,0,0,0,0,0,0,0,0,0,0,0,1,0
212,Scizor,Shadow,1,3001,172,236,181,0,0,0,1,0,0,0,0,0,0,0,0,0,0,0,0,1,0
213,Shuckle,Normal,1,405,85,17,396,0,0,0,1,0,0,0,0,0,0,0,0,0,1,0,0,0,0
214,Heracross,Normal,1,3101,190,234,179,0,0,0,1,0,0,0,0,0,0,0,1,0,0,0,0,0,0
215,Sneasel,Normal,1,2051,146,189,146,0,0,0,0,0,1,0,0,1,0,0,0,0,0,0,0,0,0
215,Sneasel,Purified,1,2051,146,189,146,0,0,0,0,0,1,0,0,1,0,0,0,0,0,0,0,0,0
215,Sneasel,Shadow,1,2051,146,189,146,0,0,0,0,0,1,0,0,1,0,0,0,0,0,0,0,0,0
216,Teddiursa,Normal,1,1328,155,142,93,0,0,0,0,1,0,0,0,0,0,0,0,0,0,0,0,0,0
217,Ursaring,Normal,1,2945,207,236,144,0,0,0,0,1,0,0,0,0,0,0,0,0,0,0,0,0,0
218,Slugma,Normal,1,895,120,118,71,0,1,0,0,0,0,0,0,0,0,0,0,0,0,0,0,0,0
219,Magcargo,Normal,1,1702,137,139,191,0,1,0,0,0,0,0,0,0,0,0,0,0,1,0,0,0,0
220,Swinub,Normal,1,741,137,90,69,0,0,0,0,0,0,0,0,1,1,0,0,0,0,0,0,0,0
221,Piloswine,Normal,1,2345,225,181,138,0,0,0,0,0,0,0,0,1,1,0,0,0,0,0,0,0,0
222,Corsola,Normal,1,1378,146,118,156,0,0,1,0,0,0,0,0,0,0,0,0,0,1,0,0,0,0
223,Remoraid,Normal,1,912,111,127,69,0,0,1,0,0,0,0,0,0,0,0,0,0,0,0,0,0,0
224,Octillery,Normal,1,2315,181,197,141,0,0,1,0,0,0,0,0,0,0,0,0,0,0,0,0,0,0
225,Delibird,Normal,1,1094,128,128,90,0,0,0,0,0,0,0,0,1,0,0,0,0,0,0,0,0,1
225,Delibird,Purified,1,1094,128,128,90,0,0,0,0,0,0,0,0,1,0,0,0,0,0,0,0,0,1
225,Delibird,Shadow,1,1094,128,128,90,0,0,0,0,0,0,0,0,1,0,0,0,0,0,0,0,0,1
226,Mantine,Normal,1,2108,163,148,226,0,0,1,0,0,0,0,0,0,0,0,0,0,0,0,0,0,1
227,Skarmory,Normal,1,2108,163,148,226,0,0,0,0,0,0,0,0,0,0,0,0,0,0,0,0,1,1
228,Houndour,Normal,1,1234,128,152,83,0,1,0,0,0,1,0,0,0,0,0,0,0,0,0,0,0,0
228,Houndour,Purified,1,1234,128,152,83,0,1,0,0,0,1,0,0,0,0,0,0,0,0,0,0,0,0
228,Houndour,Shadow,1,1234,128,152,83,0,1,0,0,0,1,0,0,0,0,0,0,0,0,0,0,0,0
229,Houndoom,Normal,1,2635,181,224,144,0,1,0,0,0,1,0,0,0,0,0,0,0,0,0,0,0,0
229,Houndoom,Purified,1,2635,181,224,144,0,1,0,0,0,1,0,0,0,0,0,0,0,0,0,0,0,0
229,Houndoom,Shadow,1,2635,181,224,144,0,1,0,0,0,1,0,0,0,0,0,0,0,0,0,0,0,0
230,Kingdra,Normal,1,2641,181,194,194,0,0,1,0,0,0,0,0,0,0,0,0,0,0,0,1,0,0
231,Phanpy,Normal,1,1206,207,107,98,0,0,0,0,0,0,0,0,0,1,0,0,0,0,0,0,0,0
232,Donphan,Normal,1,3013,207,214,185,0,0,0,0,0,0,0,0,0,1,0,0,0,0,0,0,0,0
233,Porygon2,Normal,1,2711,198,198,180,0,0,0,0,1,0,0,0,0,0,0,0,0,0,0,0,0,0
233,Porygon2,Purified,1,2711,198,198,180,0,0,0,0,1,0,0,0,0,0,0,0,0,0,0,0,0,0
233,Porygon2,Shadow,1,2711,198,198,180,0,0,0,0,1,0,0,0,0,0,0,0,0,0,0,0,0,0
234,Stantler,Normal,1,2164,177,192,131,0,0,0,0,1,0,0,0,0,0,0,0,0,0,0,0,0,0
234,Stantler,Purified,1,2164,177,192,131,0,0,0,0,1,0,0,0,0,0,0,0,0,0,0,0,0,0
234,Stantler,Shadow,1,2164,177,192,131,0,0,0,0,1,0,0,0,0,0,0,0,0,0,0,0,0,0
235,Smeargle,Normal,1,431,146,40,83,0,0,0,0,1,0,0,0,0,0,0,0,0,0,0,0,0,0
236,Tyrogue,Normal,1,492,111,64,64,0,0,0,0,0,0,0,0,0,0,0,1,0,0,0,0,0,0
237,Hitmontop,Normal,1,2156,137,173,207,0,0,0,0,0,0,0,0,0,0,0,1,0,0,0,0,0,0
238,Smoochum,Normal,1,1291,128,153,91,0,0,0,0,0,0,0,0,1,0,0,0,1,0,0,0,0,0
239,Elekid,Normal,1,1206,128,135,101,0,0,0,0,0,0,0,1,0,0,0,0,0,0,0,0,0,0
240,Magby,Normal,1,1323,128,151,99,0,1,0,0,0,0,0,0,0,0,0,0,0,0,0,0,0,0
241,Miltank,Normal,1,2354,216,157,193,0,0,0,0,1,0,0,0,0,0,0,0,0,0,0,0,0,0
242,Blissey,Normal,1,2757,496,129,169,0,0,0,0,1,0,0,0,0,0,0,0,0,0,0,0,0,0
243,Raikou,Normal,1,3452,207,241,195,0,0,0,0,0,0,0,1,0,0,0,0,0,0,0,0,0,0
244,Entei,Normal,1,3473,251,235,171,0,1,0,0,0,0,0,0,0,0,0,0,0,0,0,0,0,0
245,Suicune,Normal,1,2983,225,180,235,0,0,1,0,0,0,0,0,0,0,0,0,0,0,0,0,0,0
246,Larvitar,Normal,1,1040,137,115,93,0,0,0,0,0,0,0,0,0,1,0,0,0,1,0,0,0,0
246,Larvitar,Purified,1,1040,137,115,93,0,0,0,0,0,0,0,0,0,1,0,0,0,1,0,0,0,0
246,Larvitar,Shadow,1,1040,137,115,93,0,0,0,0,0,0,0,0,0,1,0,0,0,1,0,0,0,0
247,Pupitar,Normal,1,1766,172,155,133,0,0,0,0,0,0,0,0,0,1,0,0,0,1,0,0,0,0
247,Pupitar,Purified,1,1766,172,155,133,0,0,0,0,0,0,0,0,0,1,0,0,0,1,0,0,0,0
247,Pupitar,Shadow,1,1766,172,155,133,0,0,0,0,0,0,0,0,0,1,0,0,0,1,0,0,0,0
248,Tyranitar,Normal,1,3834,225,251,207,0,0,0,0,0,1,0,0,0,0,0,0,0,1,0,0,0,0
248,Tyranitar,Purified,1,3834,225,251,207,0,0,0,0,0,1,0,0,0,0,0,0,0,1,0,0,0,0
248,Tyranitar,Shadow,1,3834,225,251,207,0,0,0,0,0,1,0,0,0,0,0,0,0,1,0,0,0,0
249,Lugia,Normal,1,3703,235,193,310,0,0,0,0,0,0,0,0,0,0,0,0,1,0,0,0,0,1
250,Ho-Oh,Normal,1,3863,214,239,244,0,1,0,0,0,0,0,0,0,0,0,0,0,0,0,0,0,1
251,Celebi,Normal,1,3265,225,210,210,1,0,0,0,0,0,0,0,0,0,0,0,1,0,0,0,0,0
252,Treecko,Normal,1,1053,120,124,94,1,0,0,0,0,0,0,0,0,0,0,0,0,0,0,0,0,0
253,Grovyle,Normal,1,1673,137,172,120,1,0,0,0,0,0,0,0,0,0,0,0,0,0,0,0,0,0
254,Sceptile,Normal,1,2757,172,223,169,1,0,0,0,0,0,0,0,0,0,0,0,0,0,0,0,0,0
255,Torchic,Normal,1,1093,128,130,87,0,1,0,0,0,0,0,0,0,0,0,0,0,0,0,0,0,0
256,Combusken,Normal,1,1652,155,163,115,0,1,0,0,0,0,0,0,0,0,0,1,0,0,0,0,0,0
257,Blaziken,Normal,1,2848,190,240,141,0,1,0,0,0,0,0,0,0,0,0,1,0,0,0,0,0,0
258,Mudkip,Normal,1,1128,137,126,93,0,0,1,0,0,0,0,0,0,0,0,0,0,0,0,0,0,0
258,Mudkip,Purified,1,1128,137,126,93,0,0,1,0,0,0,0,0,0,0,0,0,0,0,0,0,0,0
258,Mudkip,Shadow,1,1128,137,126,93,0,0,1,0,0,0,0,0,0,0,0,0,0,0,0,0,0,0
259,Marshtomp,Normal,1,1776,172,156,133,0,0,1,0,0,0,0,0,0,1,0,0,0,0,0,0,0,0
259,Marshtomp,Purified,1,1776,172,156,133,0,0,1,0,0,0,0,0,0,1,0,0,0,0,0,0,0,0
259,Marshtomp,Shadow,1,1776,172,156,133,0,0,1,0,0,0,0,0,0,1,0,0,0,0,0,0,0,0
260,Swampert,Normal,1,2974,225,208,175,0,0,1,0,0,0,0,0,0,1,0,0,0,0,0,0,0,0
260,Swampert,Purified,1,2974,225,208,175,0,0,1,0,0,0,0,0,0,1,0,0,0,0,0,0,0,0
260,Swampert,Shadow,1,2974,225,208,175,0,0,1,0,0,0,0,0,0,1,0,0,0,0,0,0,0,0
261,Poochyena,Normal,1,678,111,96,61,0,0,0,0,0,1,0,0,0,0,0,0,0,0,0,0,0,0
262,Mightyena,Normal,1,1926,172,171,132,0,0,0,0,0,1,0,0,0,0,0,0,0,0,0,0,0,0
263,Zigzagoon,Galarian,0,508,116,58,80,0,0,0,0,1,1,0,0,0,0,0,0,0,0,0,0,0,0
263,Zigzagoon,Normal,1,508,116,58,80,0,0,0,0,1,0,0,0,0,0,0,0,0,0,0,0,0,0
264,Linoone,Galarian,0,1662,186,142,128,0,0,0,0,1,1,0,0,0,0,0,0,0,0,0,0,0,0
264,Linoone,Normal,1,1662,186,142,128,0,0,0,0,1,0,0,0,0,0,0,0,0,0,0,0,0,0
265,Wurmple,Normal,1,578,128,75,59,0,0,0,1,0,0,0,0,0,0,0,0,0,0,0,0,0,0
266,Silcoon,Normal,1,553,137,60,77,0,0,0,1,0,0,0,0,0,0,0,0,0,0,0,0,0,0
267,Beautifly,Normal,1,1765,155,189,98,0,0,0,1,0,0,0,0,0,0,0,0,0,0,0,0,0,1
268,Cascoon,Normal,1,553,137,60,77,0,0,0,1,0,0,0,0,0,0,0,0,0,0,0,0,0,0
269,Dustox,Normal,1,1224,155,98,162,0,0,0,1,0,0,1,0,0,0,0,0,0,0,0,0,0,0
270,Lotad,Normal,1,598,120,71,77,1,0,1,0,0,0,0,0,0,0,0,0,0,0,0,0,0,0
271,Lombre,Normal,1,1197,155,112,119,1,0,1,0,0,0,0,0,0,0,0,0,0,0,0,0,0,0
272,Ludicolo,Normal,1,2323,190,173,176,1,0,1,0,0,0,0,0,0,0,0,0,0,0,0,0,0,0
273,Seedot,Normal,1,598,120,71,77,1,0,0,0,0,0,0,0,0,0,0,0,0,0,0,0,0,0
273,Seedot,Purified,1,598,120,71,77,1,0,0,0,0,0,0,0,0,0,0,0,0,0,0,0,0,0
273,Seedot,Shadow,1,598,120,71,77,1,0,0,0,0,0,0,0,0,0,0,0,0,0,0,0,0,0
274,Nuzleaf,Normal,1,1227,172,134,78,1,0,0,0,0,1,0,0,0,0,0,0,0,0,0,0,0,0
274,Nuzleaf,Purified,1,1227,172,134,78,1,0,0,0,0,1,0,0,0,0,0,0,0,0,0,0,0,0
274,Nuzleaf,Shadow,1,1227,172,134,78,1,0,0,0,0,1,0,0,0,0,0,0,0,0,0,0,0,0
275,Shiftry,Normal,1,2333,207,200,121,1,0,0,0,0,1,0,0,0,0,0,0,0,0,0,0,0,0
275,Shiftry,Purified,1,2333,207,200,121,1,0,0,0,0,1,0,0,0,0,0,0,0,0,0,0,0,0
275,Shiftry,Shadow,1,2333,207,200,121,1,0,0,0,0,1,0,0,0,0,0,0,0,0,0,0,0,0
276,Taillow,Normal,1,765,120,106,61,0,0,0,0,1,0,0,0,0,0,0,0,0,0,0,0,0,1
277,Swellow,Normal,1,1920,155,185,124,0,0,0,0,1,0,0,0,0,0,0,0,0,0,0,0,0,1
278,Wingull,Normal,1,765,120,106,61,0,0,1,0,0,0,0,0,0,0,0,0,0,0,0,0,0,1
279,Pelipper,Normal,1,2127,155,175,174,0,0,1,0,0,0,0,0,0,0,0,0,0,0,0,0,0,1
280,Ralts,Normal,1,539,99,79,59,0,0,0,0,0,0,0,0,0,0,1,0,1,0,0,0,0,0
280,Ralts,Purified,1,539,99,79,59,0,0,0,0,0,0,0,0,0,0,1,0,1,0,0,0,0,0
280,Ralts,Shadow,1,539,99,79,59,0,0,0,0,0,0,0,0,0,0,1,0,1,0,0,0,0,0
281,Kirlia,Normal,1,966,116,117,90,0,0,0,0,0,0,0,0,0,0,1,0,1,0,0,0,0,0
281,Kirlia,Purified,1,966,116,117,90,0,0,0,0,0,0,0,0,0,0,1,0,1,0,0,0,0,0
281,Kirlia,Shadow,1,966,116,117,90,0,0,0,0,0,0,0,0,0,0,1,0,1,0,0,0,0,0
282,Gardevoir,Normal,1,3093,169,237,195,0,0,0,0,0,0,0,0,0,0,1,0,1,0,0,0,0,0
282,Gardevoir,Purified,1,3093,169,237,195,0,0,0,0,0,0,0,0,0,0,1,0,1,0,0,0,0,0
282,Gardevoir,Shadow,1,3093,169,237,195,0,0,0,0,0,0,0,0,0,0,1,0,1,0,0,0,0,0
283,Surskit,Normal,1,791,120,93,87,0,0,1,1,0,0,0,0,0,0,0,0,0,0,0,0,0,0
284,Masquerain,Normal,1,2270,172,192,150,0,0,0,1,0,0,0,0,0,0,0,0,0,0,0,0,0,1
285,Shroomish,Normal,1,810,155,74,110,1,0,0,0,0,0,0,0,0,0,0,0,0,0,0,0,0,0
286,Breloom,Normal,1,2628,155,241,144,1,0,0,0,0,0,0,0,0,0,0,1,0,0,0,0,0,0
287,Slakoth,Normal,1,1002,155,104,92,0,0,0,0,1,0,0,0,0,0,0,0,0,0,0,0,0,0
288,Vigoroth,Normal,1,1968,190,159,145,0,0,0,0,1,0,0,0,0,0,0,0,0,0,0,0,0,0
289,Slaking,Normal,1,4431,284,290,166,0,0,0,0,1,0,0,0,0,0,0,0,0,0,0,0,0,0
290,Nincada,Normal,1,768,104,80,126,0,0,0,1,0,0,0,0,0,1,0,0,0,0,0,0,0,0
291,Ninjask,Normal,1,1969,156,199,112,0,0,0,1,0,0,0,0,0,0,0,0,0,0,0,0,0,1
292,Shedinja,Normal,1,393,1,153,73,0,0,0,1,0,0,0,0,0,0,0,0,0,0,1,0,0,0
293,Whismur,Normal,1,671,162,92,42,0,0,0,0,1,0,0,0,0,0,0,0,0,0,0,0,0,0
294,Loudred,Normal,1,1327,197,134,81,0,0,0,0,1,0,0,0,0,0,0,0,0,0,0,0,0,0
295,Exploud,Normal,1,2347,232,179,137,0,0,0,0,1,0,0,0,0,0,0,0,0,0,0,0,0,0
296,Makuhita,Normal,1,817,176,99,54,0,0,0,0,0,0,0,0,0,0,0,1,0,0,0,0,0,0
297,Hariyama,Normal,1,2829,302,209,114,0,0,0,0,0,0,0,0,0,0,0,1,0,0,0,0,0,0
298,Azurill,Normal,1,364,137,36,71,0,0,0,0,1,0,0,0,0,0,1,0,0,0,0,0,0,0
299,Nosepass,Normal,1,993,102,82,215,0,0,0,0,0,0,0,0,0,0,0,0,0,1,0,0,0,0
300,Skitty,Normal,1,739,137,84,79,0,0,0,0,1,0,0,0,0,0,0,0,0,0,0,0,0,0
301,Delcatty,Normal,1,1496,172,132,127,0,0,0,0,1,0,0,0,0,0,0,0,0,0,0,0,0,0
302,Sableye,Normal,1,1476,137,141,136,0,0,0,0,0,1,0,0,0,0,0,0,0,0,1,0,0,0
302,Sableye,Purified,1,1476,137,141,136,0,0,0,0,0,1,0,0,0,0,0,0,0,0,1,0,0,0
302,Sableye,Shadow,1,1476,137,141,136,0,0,0,0,0,1,0,0,0,0,0,0,0,0,1,0,0,0
303,Mawile,Normal,1,1634,137,155,141,0,0,0,0,0,0,0,0,0,0,1,0,0,0,0,0,1,0
304,Aron,Normal,1,1307,137,121,141,0,0,0,0,0,0,0,0,0,0,0,0,0,1,0,0,1,0
305,Lairon,Normal,1,2056,155,158,198,0,0,0,0,0,0,0,0,0,0,0,0,0,1,0,0,1,0
306,Aggron,Normal,1,3000,172,198,257,0,0,0,0,0,0,0,0,0,0,0,0,0,1,0,0,1,0
307,Meditite,Normal,1,693,102,78,107,0,0,0,0,0,0,0,0,0,0,0,1,1,0,0,0,0,0
308,Medicham,Normal,1,1431,155,121,152,0,0,0,0,0,0,0,0,0,0,0,1,1,0,0,0,0,0
309,Electrike,Normal,1,965,120,123,78,0,0,0,0,0,0,0,1,0,0,0,0,0,0,0,0,0,0
310,Manectric,Normal,1,2340,172,215,127,0,0,0,0,0,0,0,1,0,0,0,0,0,0,0,0,0,0
311,Plusle,Normal,1,1778,155,167,129,0,0,0,0,0,0,0,1,0,0,0,0,0,0,0,0,0,0
312,Minun,Normal,1,1694,155,147,150,0,0,0,0,0,0,0,1,0,0,0,0,0,0,0,0,0,0
313,Volbeat,Normal,1,1771,163,143,166,0,0,0,1,0,0,0,0,0,0,0,0,0,0,0,0,0,0
314,Illumise,Normal,1,1771,163,143,166,0,0,0,1,0,0,0,0,0,0,0,0,0,0,0,0,0,0
315,Roselia,Normal,1,1870,137,186,131,1,0,0,0,0,0,1,0,0,0,0,0,0,0,0,0,0,0
316,Gulpin,Normal,1,866,172,80,99,0,0,0,0,0,0,1,0,0,0,0,0,0,0,0,0,0,0
317,Swalot,Normal,1,1978,225,140,159,0,0,0,0,0,0,1,0,0,0,0,0,0,0,0,0,0,0
318,Carvanha,Normal,1,1020,128,171,39,0,0,1,0,0,1,0,0,0,0,0,0,0,0,0,0,0,0
319,Sharpedo,Normal,1,2181,172,243,83,0,0,1,0,0,1,0,0,0,0,0,0,0,0,0,0,0,0
320,Wailmer,Normal,1,1468,277,136,68,0,0,1,0,0,0,0,0,0,0,0,0,0,0,0,0,0,0
321,Wailord,Normal,1,2280,347,175,87,0,0,1,0,0,0,0,0,0,0,0,0,0,0,0,0,0,0
322,Numel,Normal,1,1057,155,119,79,0,1,0,0,0,0,0,0,0,1,0,0,0,0,0,0,0,0
323,Camerupt,Normal,1,2193,172,194,136,0,1,0,0,0,0,0,0,0,1,0,0,0,0,0,0,0,0
324,Torkoal,Normal,1,2093,172,151,203,0,1,0,0,0,0,0,0,0,0,0,0,0,0,0,0,0,0
325,Spoink,Normal,1,1334,155,125,122,0,0,0,0,0,0,0,0,0,0,0,0,1,0,0,0,0,0
326,Grumpig,Normal,1,2369,190,171,188,0,0,0,0,0,0,0,0,0,0,0,0,1,0,0,0,0,0
327,Spinda,Normal,1,1220,155,116,116,0,0,0,0,1,0,0,0,0,0,0,0,0,0,0,0,0,0
328,Trapinch,Normal,1,1274,128,162,78,0,0,0,0,0,0,0,0,0,1,0,0,0,0,0,0,0,0
328,Trapinch,Purified,1,1274,128,162,78,0,0,0,0,0,0,0,0,0,1,0,0,0,0,0,0,0,0
328,Trapinch,Shadow,1,1274,128,162,78,0,0,0,0,0,0,0,0,0,1,0,0,0,0,0,0,0,0
329,Vibrava,Normal,1,1225,137,134,99,0,0,0,0,0,0,0,0,0,1,0,0,0,0,0,1,0,0
329,Vibrava,Purified,1,1225,137,134,99,0,0,0,0,0,0,0,0,0,1,0,0,0,0,0,1,0,0
329,Vibrava,Shadow,1,1225,137,134,99,0,0,0,0,0,0,0,0,0,1,0,0,0,0,0,1,0,0
330,Flygon,Normal,1,2661,190,205,168,0,0,0,0,0,0,0,0,0,1,0,0,0,0,0,1,0,0
330,Flygon,Purified,1,2661,190,205,168,0,0,0,0,0,0,0,0,0,1,0,0,0,0,0,1,0,0
330,Flygon,Shadow,1,2661,190,205,168,0,0,0,0,0,0,0,0,0,1,0,0,0,0,0,1,0,0
331,Cacnea,Normal,1,1242,137,156,74,1,0,0,0,0,0,0,0,0,0,0,0,0,0,0,0,0,0
331,Cacnea,Purified,1,1242,137,156,74,1,0,0,0,0,0,0,0,0,0,0,0,0,0,0,0,0,0
331,Cacnea,Shadow,1,1242,137,156,74,1,0,0,0,0,0,0,0,0,0,0,0,0,0,0,0,0,0
332,Cacturne,Normal,1,2298,172,221,115,1,0,0,0,0,1,0,0,0,0,0,0,0,0,0,0,0,0
332,Cacturne,Purified,1,2298,172,221,115,1,0,0,0,0,1,0,0,0,0,0,0,0,0,0,0,0,0
332,Cacturne,Shadow,1,2298,172,221,115,1,0,0,0,0,1,0,0,0,0,0,0,0,0,0,0,0,0
333,Swablu,Normal,1,824,128,76,132,0,0,0,0,1,0,0,0,0,0,0,0,0,0,0,0,0,1
334,Altaria,Normal,1,2004,181,141,201,0,0,0,0,0,0,0,0,0,0,0,0,0,0,0,1,0,1
335,Zangoose,Normal,1,2418,177,222,124,0,0,0,0,1,0,0,0,0,0,0,0,0,0,0,0,0,0
336,Seviper,Normal,1,2105,177,196,118,0,0,0,0,0,0,1,0,0,0,0,0,0,0,0,0,0,0
337,Lunatone,Normal,1,2327,207,178,153,0,0,0,0,0,0,0,0,0,0,0,0,1,1,0,0,0,0
338,Solrock,Normal,1,2327,207,178,153,0,0,0,0,0,0,0,0,0,0,0,0,1,1,0,0,0,0
339,Barboach,Normal,1,819,137,93,82,0,0,1,0,0,0,0,0,0,1,0,0,0,0,0,0,0,0
340,Whiscash,Normal,1,2075,242,151,141,0,0,1,0,0,0,0,0,0,1,0,0,0,0,0,0,0,0
341,Corphish,Normal,1,1230,125,141,99,0,0,1,0,0,0,0,0,0,0,0,0,0,0,0,0,0,0
342,Crawdaunt,Normal,1,2474,160,224,142,0,0,1,0,0,1,0,0,0,0,0,0,0,0,0,0,0,0
343,Baltoy,Normal,1,787,120,77,124,0,0,0,0,0,0,0,0,0,1,0,0,1,0,0,0,0,0
344,Claydol,Normal,1,1971,155,140,229,0,0,0,0,0,0,0,0,0,1,0,0,1,0,0,0,0,0
345,Lileep,Normal,1,1291,165,105,150,1,0,0,0,0,0,0,0,0,0,0,0,0,1,0,0,0,0
346,Cradily,Normal,1,2211,200,152,194,1,0,0,0,0,0,0,0,0,0,0,0,0,1,0,0,0,0
347,Anorith,Normal,1,1529,128,176,100,0,0,0,1,0,0,0,0,0,0,0,0,0,1,0,0,0,0
348,Armaldo,Normal,1,2848,181,222,174,0,0,0,1,0,0,0,0,0,0,0,0,0,1,0,0,0,0
349,Feebas,Normal,1,274,85,29,85,0,0,1,0,0,0,0,0,0,0,0,0,0,0,0,0,0,0
350,Milotic,Normal,1,3005,216,192,219,0,0,1,0,0,0,0,0,0,0,0,0,0,0,0,0,0,0
351,Castform,Normal,1,1632,172,139,139,0,0,0,0,1,0,0,0,0,0,0,0,0,0,0,0,0,0
351,Castform,Rainy,1,1632,172,139,139,0,0,1,0,0,0,0,0,0,0,0,0,0,0,0,0,0,0
351,Castform,Snowy,1,1632,172,139,139,0,0,0,0,0,0,0,0,1,0,0,0,0,0,0,0,0,0
351,Castform,Sunny,1,1632,172,139,139,0,1,0,0,0,0,0,0,0,0,0,0,0,0,0,0,0,0
352,Kecleon,Normal,0,2047,155,161,189,0,0,0,0,1,0,0,0,0,0,0,0,0,0,0,0,0,0
353,Shuppet,Normal,1,1018,127,138,65,0,0,0,0,0,0,0,0,0,0,0,0,0,0,1,0,0,0
353,Shuppet,Purified,1,1018,127,138,65,0,0,0,0,0,0,0,0,0,0,0,0,0,0,1,0,0,0
353,Shuppet,Shadow,1,1018,127,138,65,0,0,0,0,0,0,0,0,0,0,0,0,0,0,1,0,0,0
354,Banette,Normal,1,2298,162,218,126,0,0,0,0,0,0,0,0,0,0,0,0,0,0,1,0,0,0
354,Banette,Purified,1,2298,162,218,126,0,0,0,0,0,0,0,0,0,0,0,0,0,0,1,0,0,0
354,Banette,Shadow,1,2298,162,218,126,0,0,0,0,0,0,0,0,0,0,0,0,0,0,1,0,0,0
355,Duskull,Normal,1,706,85,70,162,0,0,0,0,0,0,0,0,0,0,0,0,0,0,1,0,0,0
355,Duskull,Purified,1,706,85,70,162,0,0,0,0,0,0,0,0,0,0,0,0,0,0,1,0,0,0
355,Duskull,Shadow,1,706,85,70,162,0,0,0,0,0,0,0,0,0,0,0,0,0,0,1,0,0,0
356,Dusclops,Normal,1,1591,120,124,234,0,0,0,0,0,0,0,0,0,0,0,0,0,0,1,0,0,0
356,Dusclops,Purified,1,1591,120,124,234,0,0,0,0,0,0,0,0,0,0,0,0,0,0,1,0,0,0
356,Dusclops,Shadow,1,1591,120,124,234,0,0,0,0,0,0,0,0,0,0,0,0,0,0,1,0,0,0
357,Tropius,Normal,1,1941,223,136,163,1,0,0,0,0,0,0,0,0,0,0,0,0,0,0,0,0,1
358,Chimecho,Normal,1,2259,181,175,170,0,0,0,0,0,0,0,0,0,0,0,0,1,0,0,0,0,0
359,Absol,Normal,1,2526,163,246,120,0,0,0,0,0,1,0,0,0,0,0,0,0,0,0,0,0,0
359,Absol,Purified,1,2526,163,246,120,0,0,0,0,0,1,0,0,0,0,0,0,0,0,0,0,0,0
359,Absol,Shadow,1,2526,163,246,120,0,0,0,0,0,1,0,0,0,0,0,0,0,0,0,0,0,0
360,Wynaut,Normal,1,534,216,41,86,0,0,0,0,0,0,0,0,0,0,0,0,1,0,0,0,0,0
361,Snorunt,Normal,1,888,137,95,95,0,0,0,0,0,0,0,0,1,0,0,0,0,0,0,0,0,0
362,Glalie,Normal,1,2105,190,162,162,0,0,0,0,0,0,0,0,1,0,0,0,0,0,0,0,0,0
363,Spheal,Normal,1,962,172,95,90,0,0,1,0,0,0,0,0,1,0,0,0,0,0,0,0,0,0
364,Sealeo,Normal,1,1714,207,137,132,0,0,1,0,0,0,0,0,1,0,0,0,0,0,0,0,0,0
365,Walrein,Normal,1,2726,242,182,176,0,0,1,0,0,0,0,0,1,0,0,0,0,0,0,0,0,0
366,Clamperl,Normal,1,1270,111,133,135,0,0,1,0,0,0,0,0,0,0,0,0,0,0,0,0,0,0
367,Huntail,Normal,1,2340,146,197,179,0,0,1,0,0,0,0,0,0,0,0,0,0,0,0,0,0,0
368,Gorebyss,Normal,1,2494,146,211,179,0,0,1,0,0,0,0,0,0,0,0,0,0,0,0,0,0,0
369,Relicanth,Normal,1,2528,225,162,203,0,0,1,0,0,0,0,0,0,0,0,0,0,1,0,0,0,0
370,Luvdisc,Normal,1,848,125,81,128,0,0,1,0,0,0,0,0,0,0,0,0,0,0,0,0,0,0
371,Bagon,Normal,1,1156,128,134,93,0,0,0,0,0,0,0,0,0,0,0,0,0,0,0,1,0,0
371,Bagon,Purified,1,1156,128,134,93,0,0,0,0,0,0,0,0,0,0,0,0,0,0,0,1,0,0
371,Bagon,Shadow,1,1156,128,134,93,0,0,0,0,0,0,0,0,0,0,0,0,0,0,0,1,0,0
372,Shelgon,Normal,1,2031,163,172,155,0,0,0,0,0,0,0,0,0,0,0,0,0,0,0,1,0,0
372,Shelgon,Purified,1,2031,163,172,155,0,0,0,0,0,0,0,0,0,0,0,0,0,0,0,1,0,0
372,Shelgon,Shadow,1,2031,163,172,155,0,0,0,0,0,0,0,0,0,0,0,0,0,0,0,1,0,0
373,Salamence,Normal,1,3749,216,277,168,0,0,0,0,0,0,0,0,0,0,0,0,0,0,0,1,0,1
373,Salamence,Purified,1,3749,216,277,168,0,0,0,0,0,0,0,0,0,0,0,0,0,0,0,1,0,1
373,Salamence,Shadow,1,3749,216,277,168,0,0,0,0,0,0,0,0,0,0,0,0,0,0,0,1,0,1
374,Beldum,Normal,1,976,120,96,132,0,0,0,0,0,0,0,0,0,0,0,0,1,0,0,0,1,0
375,Metang,Normal,1,1721,155,138,176,0,0,0,0,0,0,0,0,0,0,0,0,1,0,0,0,1,0
376,Metagross,Normal,1,3791,190,257,228,0,0,0,0,0,0,0,0,0,0,0,0,1,0,0,0,1,0
377,Regirock,Normal,1,3122,190,179,309,0,0,0,0,0,0,0,0,0,0,0,0,0,1,0,0,0,0
378,Regice,Normal,1,3122,190,179,309,0,0,0,0,0,0,0,0,1,0,0,0,0,0,0,0,0,0
379,Registeel,Normal,1,2447,190,143,285,0,0,0,0,0,0,0,0,0,0,0,0,0,0,0,0,1,0
380,Latias,Normal,1,3510,190,228,246,0,0,0,0,0,0,0,0,0,0,0,0,1,0,0,1,0,0
381,Latios,Normal,1,3812,190,268,212,0,0,0,0,0,0,0,0,0,0,0,0,1,0,0,1,0,0
382,Kyogre,Normal,1,4115,205,270,228,0,0,1,0,0,0,0,0,0,0,0,0,0,0,0,0,0,0
383,Groudon,Normal,1,4115,205,270,228,0,0,0,0,0,0,0,0,0,1,0,0,0,0,0,0,0,0
384,Rayquaza,Normal,1,3835,213,284,170,0,0,0,0,0,0,0,0,0,0,0,0,0,0,0,1,0,1
385,Jirachi,Normal,1,3265,225,210,210,0,0,0,0,0,0,0,0,0,0,0,0,1,0,0,0,1,0
386,Deoxys,Attack,1,2580,137,414,46,0,0,0,0,0,0,0,0,0,0,0,0,1,0,0,0,0,0
386,Deoxys,Defense,1,2274,137,144,330,0,0,0,0,0,0,0,0,0,0,0,0,1,0,0,0,0,0
386,Deoxys,Normal,1,3160,137,345,115,0,0,0,0,0,0,0,0,0,0,0,0,1,0,0,0,0,0
386,Deoxys,Speed,1,2879,137,230,218,0,0,0,0,0,0,0,0,0,0,0,0,1,0,0,0,0,0
387,Turtwig,Normal,1,1187,146,119,110,1,0,0,0,0,0,0,0,0,0,0,0,0,0,0,0,0,0
387,Turtwig,Purified,1,1187,146,119,110,1,0,0,0,0,0,0,0,0,0,0,0,0,0,0,0,0,0
387,Turtwig,Shadow,1,1187,146,119,110,1,0,0,0,0,0,0,0,0,0,0,0,0,0,0,0,0,0
388,Grotle,Normal,1,1890,181,157,143,1,0,0,0,0,0,0,0,0,0,0,0,0,0,0,0,0,0
388,Grotle,Purified,1,1890,181,157,143,1,0,0,0,0,0,0,0,0,0,0,0,0,0,0,0,0,0
388,Grotle,Shadow,1,1890,181,157,143,1,0,0,0,0,0,0,0,0,0,0,0,0,0,0,0,0,0
389,Torterra,Normal,1,2934,216,202,188,1,0,0,0,0,0,0,0,0,1,0,0,0,0,0,0,0,0
389,Torterra,Purified,1,2934,216,202,188,1,0,0,0,0,0,0,0,0,1,0,0,0,0,0,0,0,0
389,Torterra,Shadow,1,2934,216,202,188,1,0,0,0,0,0,0,0,0,1,0,0,0,0,0,0,0,0
390,Chimchar,Normal,1,957,127,113,86,0,1,0,0,0,0,0,0,0,0,0,0,0,0,0,0,0,0
390,Chimchar,Purified,1,957,127,113,86,0,1,0,0,0,0,0,0,0,0,0,0,0,0,0,0,0,0
390,Chimchar,Shadow,1,957,127,113,86,0,1,0,0,0,0,0,0,0,0,0,0,0,0,0,0,0,0
391,Monferno,Normal,1,1574,162,158,105,0,1,0,0,0,0,0,0,0,0,0,1,0,0,0,0,0,0
391,Monferno,Purified,1,1574,162,158,105,0,1,0,0,0,0,0,0,0,0,0,1,0,0,0,0,0,0
391,Monferno,Shadow,1,1574,162,158,105,0,1,0,0,0,0,0,0,0,0,0,1,0,0,0,0,0,0
392,Infernape,Normal,1,2683,183,222,151,0,1,0,0,0,0,0,0,0,0,0,1,0,0,0,0,0,0
392,Infernape,Purified,1,2683,183,222,151,0,1,0,0,0,0,0,0,0,0,0,1,0,0,0,0,0,0
392,Infernape,Shadow,1,2683,183,222,151,0,1,0,0,0,0,0,0,0,0,0,1,0,0,0,0,0,0
393,Piplup,Normal,1,1075,142,112,102,0,0,1,0,0,0,0,0,0,0,0,0,0,0,0,0,0,0
394,Prinplup,Normal,1,1701,162,150,139,0,0,1,0,0,0,0,0,0,0,0,0,0,0,0,0,0,0
395,Empoleon,Normal,1,2900,197,210,186,0,0,1,0,0,0,0,0,0,0,0,0,0,0,0,0,1,0
396,Starly,Normal,1,719,120,101,58,0,0,0,0,1,0,0,0,0,0,0,0,0,0,0,0,0,1
397,Staravia,Normal,1,1299,146,142,94,0,0,0,0,1,0,0,0,0,0,0,0,0,0,0,0,0,1
398,Staraptor,Normal,1,2825,198,234,140,0,0,0,0,1,0,0,0,0,0,0,0,0,0,0,0,0,1
399,Bidoof,Normal,1,721,153,80,73,0,0,0,0,1,0,0,0,0,0,0,0,0,0,0,0,0,0
400,Bibarel,Normal,1,1823,188,162,119,0,0,1,0,1,0,0,0,0,0,0,0,0,0,0,0,0,0
401,Kricketot,Normal,1,401,114,45,74,0,0,0,1,0,0,0,0,0,0,0,0,0,0,0,0,0,0
402,Kricketune,Normal,1,1653,184,160,100,0,0,0,1,0,0,0,0,0,0,0,0,0,0,0,0,0,0
403,Shinx,Normal,1,876,128,117,64,0,0,0,0,0,0,0,1,0,0,0,0,0,0,0,0,0,0
404,Luxio,Normal,1,1486,155,159,95,0,0,0,0,0,0,0,1,0,0,0,0,0,0,0,0,0,0
405,Luxray,Normal,1,2888,190,232,156,0,0,0,0,0,0,0,1,0,0,0,0,0,0,0,0,0,0
406,Budew,Normal,1,856,120,91,109,1,0,0,0,0,0,1,0,0,0,0,0,0,0,0,0,0,0
407,Roserade,Normal,1,2971,155,243,185,1,0,0,0,0,0,1,0,0,0,0,0,0,0,0,0,0,0
408,Cranidos,Normal,1,1820,167,218,71,0,0,0,0,0,0,0,0,0,0,0,0,0,1,0,0,0,0
409,Rampardos,Normal,1,3298,219,295,109,0,0,0,0,0,0,0,0,0,0,0,0,0,1,0,0,0,0
410,Shieldon,Normal,1,890,102,76,195,0,0,0,0,0,0,0,0,0,0,0,0,0,1,0,0,1,0
411,Bastiodon,Normal,1,1539,155,94,286,0,0,0,0,0,0,0,0,0,0,0,0,0,1,0,0,1,0
412,Burmy,Plant,1,488,120,53,83,0,0,0,1,0,0,0,0,0,0,0,0,0,0,0,0,0,0
412,Burmy,Sandy,1,488,120,53,83,0,0,0,1,0,0,0,0,0,0,0,0,0,0,0,0,0,0
412,Burmy,Trash,1,488,120,53,83,0,0,0,1,0,0,0,0,0,0,0,0,0,0,0,0,0,0
413,Wormadam,Plant,1,1773,155,141,180,1,0,0,1,0,0,0,0,0,0,0,0,0,0,0,0,0,0
413,Wormadam,Sandy,1,1773,155,141,180,0,0,0,1,0,0,0,0,0,1,0,0,0,0,0,0,0,0
413,Wormadam,Trash,1,1593,155,127,175,0,0,0,1,0,0,0,0,0,0,0,0,0,0,0,0,1,0
414,Mothim,Normal,1,1815,172,185,98,0,0,0,1,0,0,0,0,0,0,0,0,0,0,0,0,0,1
415,Combee,Normal,1,494,102,59,83,0,0,0,1,0,0,0,0,0,0,0,0,0,0,0,0,0,1
416,Vespiquen,Normal,1,2005,172,149,190,0,0,0,1,0,0,0,0,0,0,0,0,0,0,0,0,0,1
417,Pachirisu,Normal,1,1213,155,94,172,0,0,0,0,0,0,0,1,0,0,0,0,0,0,0,0,0,0
418,Buizel,Normal,1,1054,146,132,67,0,0,1,0,0,0,0,0,0,0,0,0,0,0,0,0,0,0
419,Floatzel,Normal,1,2443,198,221,114,0,0,1,0,0,0,0,0,0,0,0,0,0,0,0,0,0,0
420,Cherubi,Normal,1,950,128,108,92,1,0,0,0,0,0,0,0,0,0,0,0,0,0,0,0,0,0
421,Cherrim,Overcast,1,2048,172,170,153,1,0,0,0,0,0,0,0,0,0,0,0,0,0,0,0,0,0
421,Cherrim,Sunny,1,2048,172,170,153,1,0,0,0,0,0,0,0,0,0,0,0,0,0,0,0,0,0
422,Shellos,East_sea,1,1136,183,103,105,0,0,1,0,0,0,0,0,0,0,0,0,0,0,0,0,0,0
422,Shellos,West_sea,1,1136,183,103,105,0,0,1,0,0,0,0,0,0,0,0,0,0,0,0,0,0,0
423,Gastrodon,East_sea,1,2324,244,169,143,0,0,1,0,0,0,0,0,0,1,0,0,0,0,0,0,0,0
423,Gastrodon,West_sea,1,2324,244,169,143,0,0,1,0,0,0,0,0,0,1,0,0,0,0,0,0,0,0
424,Ambipom,Normal,1,2418,181,205,143,0,0,0,0,1,0,0,0,0,0,0,0,0,0,0,0,0,0
425,Drifloon,Normal,1,1197,207,117,80,0,0,0,0,0,0,0,0,0,0,0,0,0,0,1,0,0,1
426,Drifblim,Normal,1,2382,312,180,102,0,0,0,0,0,0,0,0,0,0,0,0,0,0,1,0,0,1
427,Buneary,Normal,1,1258,146,130,105,0,0,0,0,1,0,0,0,0,0,0,0,0,0,0,0,0,0
428,Lopunny,Normal,1,2059,163,156,194,0,0,0,0,1,0,0,0,0,0,0,0,0,0,0,0,0,0
429,Mismagius,Normal,1,2615,155,211,187,0,0,0,0,0,0,0,0,0,0,0,0,0,0,1,0,0,0
430,Honchkrow,Normal,1,2711,225,243,103,0,0,0,0,0,1,0,0,0,0,0,0,0,0,0,0,0,1
430,Honchkrow,Purified,1,2711,225,243,103,0,0,0,0,0,1,0,0,0,0,0,0,0,0,0,0,0,1
430,Honchkrow,Shadow,1,2711,225,243,103,0,0,0,0,0,1,0,0,0,0,0,0,0,0,0,0,0,1
431,Glameow,Normal,1,934,135,109,82,0,0,0,0,1,0,0,0,0,0,0,0,0,0,0,0,0,0
432,Purugly,Normal,1,1953,174,172,133,0,0,0,0,1,0,0,0,0,0,0,0,0,0,0,0,0,0
433,Chingling,Normal,1,1005,128,114,94,0,0,0,0,0,0,0,0,0,0,0,0,1,0,0,0,0,0
434,Stunky,Normal,1,1151,160,121,90,0,0,0,0,0,1,1,0,0,0,0,0,0,0,0,0,0,0
435,Skuntank,Normal,1,2358,230,184,132,0,0,0,0,0,1,1,0,0,0,0,0,0,0,0,0,0,0
436,Bronzor,Normal,1,603,149,43,154,0,0,0,0,0,0,0,0,0,0,0,0,1,0,0,0,1,0
437,Bronzong,Normal,1,2239,167,161,213,0,0,0,0,0,0,0,0,0,0,0,0,1,0,0,0,1,0
438,Bonsly,Normal,1,1302,137,124,133,0,0,0,0,0,0,0,0,0,0,0,0,0,1,0,0,0,0
439,Mime Jr.,Normal,1,1095,85,125,142,0,0,0,0,0,0,0,0,0,0,1,0,1,0,0,0,0,0
440,Happiny,Normal,1,371,225,25,77,0,0,0,0,1,0,0,0,0,0,0,0,0,0,0,0,0,0
441,Chatot,Normal,1,1791,183,183,91,0,0,0,0,1,0,0,0,0,0,0,0,0,0,0,0,0,1
442,Spiritomb,Normal,1,2072,137,169,199,0,0,0,0,0,1,0,0,0,0,0,0,0,0,1,0,0,0
443,Gible,Normal,1,1112,151,124,84,0,0,0,0,0,0,0,0,0,1,0,0,0,0,0,1,0,0
443,Gible,Purified,1,1112,151,124,84,0,0,0,0,0,0,0,0,0,1,0,0,0,0,0,1,0,0
443,Gible,Shadow,1,1112,151,124,84,0,0,0,0,0,0,0,0,0,1,0,0,0,0,0,1,0,0
444,Gabite,Normal,1,1874,169,172,125,0,0,0,0,0,0,0,0,0,1,0,0,0,0,0,1,0,0
444,Gabite,Purified,1,1874,169,172,125,0,0,0,0,0,0,0,0,0,1,0,0,0,0,0,1,0,0
444,Gabite,Shadow,1,1874,169,172,125,0,0,0,0,0,0,0,0,0,1,0,0,0,0,0,1,0,0
445,Garchomp,Normal,1,3962,239,261,193,0,0,0,0,0,0,0,0,0,1,0,0,0,0,0,1,0,0
445,Garchomp,Purified,1,3962,239,261,193,0,0,0,0,0,0,0,0,0,1,0,0,0,0,0,1,0,0
445,Garchomp,Shadow,1,3962,239,261,193,0,0,0,0,0,0,0,0,0,1,0,0,0,0,0,1,0,0
446,Munchlax,Normal,1,1892,286,137,117,0,0,0,0,1,0,0,0,0,0,0,0,0,0,0,0,0,0
447,Riolu,Normal,1,993,120,127,78,0,0,0,0,0,0,0,0,0,0,0,1,0,0,0,0,0,0
448,Lucario,Normal,1,2703,172,236,144,0,0,0,0,0,0,0,0,0,0,0,1,0,0,0,0,1,0
449,Hippopotas,Normal,1,1358,169,124,118,0,0,0,0,0,0,0,0,0,1,0,0,0,0,0,0,0,0
449,Hippopotas,Purified,1,1358,169,124,118,0,0,0,0,0,0,0,0,0,1,0,0,0,0,0,0,0,0
449,Hippopotas,Shadow,1,1358,169,124,118,0,0,0,0,0,0,0,0,0,1,0,0,0,0,0,0,0,0
450,Hippowdon,Normal,1,3085,239,201,191,0,0,0,0,0,0,0,0,0,1,0,0,0,0,0,0,0,0
450,Hippowdon,Purified,1,3085,239,201,191,0,0,0,0,0,0,0,0,0,1,0,0,0,0,0,0,0,0
450,Hippowdon,Shadow,1,3085,239,201,191,0,0,0,0,0,0,0,0,0,1,0,0,0,0,0,0,0,0
451,Skorupi,Normal,1,1009,120,93,151,0,0,0,1,0,0,1,0,0,0,0,0,0,0,0,0,0,0
452,Drapion,Normal,1,2453,172,180,202,0,0,0,0,0,1,1,0,0,0,0,0,0,0,0,0,0,0
453,Croagunk,Normal,1,952,134,116,76,0,0,0,0,0,0,1,0,0,0,0,1,0,0,0,0,0,0
454,Toxicroak,Normal,1,2488,195,211,133,0,0,0,0,0,0,1,0,0,0,0,1,0,0,0,0,0,0
455,Carnivine,Normal,1,2159,179,187,136,1,0,0,0,0,0,0,0,0,0,0,0,0,0,0,0,0,0
456,Finneon,Normal,1,971,135,96,116,0,0,1,0,0,0,0,0,0,0,0,0,0,0,0,0,0,0
457,Lumineon,Normal,1,1814,170,142,170,0,0,1,0,0,0,0,0,0,0,0,0,0,0,0,0,0,0
458,Mantyke,Normal,1,1248,128,105,179,0,0,1,0,0,0,0,0,0,0,0,0,0,0,0,0,0,1
459,Snover,Normal,1,1159,155,115,105,1,0,0,0,0,0,0,0,1,0,0,0,0,0,0,0,0,0
459,Snover,Purified,1,1159,155,115,105,1,0,0,0,0,0,0,0,1,0,0,0,0,0,0,0,0,0
459,Snover,Shadow,1,1159,155,115,105,1,0,0,0,0,0,0,0,1,0,0,0,0,0,0,0,0,0
460,Abomasnow,Normal,1,2362,207,178,158,1,0,0,0,0,0,0,0,1,0,0,0,0,0,0,0,0,0
460,Abomasnow,Purified,1,2362,207,178,158,1,0,0,0,0,0,0,0,1,0,0,0,0,0,0,0,0,0
460,Abomasnow,Shadow,1,2362,207,178,158,1,0,0,0,0,0,0,0,1,0,0,0,0,0,0,0,0,0
461,Weavile,Normal,1,3005,172,243,171,0,0,0,0,0,1,0,0,1,0,0,0,0,0,0,0,0,0
461,Weavile,Purified,1,3005,172,243,171,0,0,0,0,0,1,0,0,1,0,0,0,0,0,0,0,0,0
461,Weavile,Shadow,1,3005,172,243,171,0,0,0,0,0,1,0,0,1,0,0,0,0,0,0,0,0,0
462,Magnezone,Normal,1,3205,172,238,205,0,0,0,0,0,0,0,1,0,0,0,0,0,0,0,0,1,0
462,Magnezone,Purified,1,3205,172,238,205,0,0,0,0,0,0,0,1,0,0,0,0,0,0,0,0,1,0
462,Magnezone,Shadow,1,3205,172,238,205,0,0,0,0,0,0,0,1,0,0,0,0,0,0,0,0,1,0
463,Lickilicky,Normal,1,2467,242,161,181,0,0,0,0,1,0,0,0,0,0,0,0,0,0,0,0,0,0
464,Rhyperior,Normal,1,3733,251,241,190,0,0,0,0,0,0,0,0,0,1,0,0,0,1,0,0,0,0
464,Rhyperior,Purified,1,3733,251,241,190,0,0,0,0,0,0,0,0,0,1,0,0,0,1,0,0,0,0
464,Rhyperior,Shadow,1,3733,251,241,190,0,0,0,0,0,0,0,0,0,1,0,0,0,1,0,0,0,0
465,Tangrowth,Normal,1,3030,225,207,184,1,0,0,0,0,0,0,0,0,0,0,0,0,0,0,0,0,0
466,Electivire,Normal,1,3079,181,249,163,0,0,0,0,0,0,0,1,0,0,0,0,0,0,0,0,0,0
466,Electivire,Purified,1,3079,181,249,163,0,0,0,0,0,0,0,1,0,0,0,0,0,0,0,0,0,0
466,Electivire,Shadow,1,3079,181,249,163,0,0,0,0,0,0,0,1,0,0,0,0,0,0,0,0,0,0
467,Magmortar,Normal,1,3132,181,247,172,0,1,0,0,0,0,0,0,0,0,0,0,0,0,0,0,0,0
467,Magmortar,Purified,1,3132,181,247,172,0,1,0,0,0,0,0,0,0,0,0,0,0,0,0,0,0,0
467,Magmortar,Shadow,1,3132,181,247,172,0,1,0,0,0,0,0,0,0,0,0,0,0,0,0,0,0,0
468,Togekiss,Normal,1,3332,198,225,217,0,0,0,0,0,0,0,0,0,0,1,0,0,0,0,0,0,1
469,Yanmega,Normal,1,2946,200,231,156,0,0,0,1,0,0,0,0,0,0,0,0,0,0,0,0,0,1
470,Leafeon,Normal,1,2944,163,216,219,1,0,0,0,0,0,0,0,0,0,0,0,0,0,0,0,0,0
471,Glaceon,Normal,1,3126,163,238,205,0,0,0,0,0,0,0,0,1,0,0,0,0,0,0,0,0,0
472,Gliscor,Normal,1,2692,181,185,222,0,0,0,0,0,0,0,0,0,1,0,0,0,0,0,0,0,1
473,Mamoswine,Normal,1,3328,242,247,146,0,0,0,0,0,0,0,0,1,1,0,0,0,0,0,0,0,0
474,Porygon-Z,Normal,1,3266,198,264,150,0,0,0,0,1,0,0,0,0,0,0,0,0,0,0,0,0,0
474,Porygon-Z,Purified,1,3266,198,264,150,0,0,0,0,1,0,0,0,0,0,0,0,0,0,0,0,0,0
474,Porygon-Z,Shadow,1,3266,198,264,150,0,0,0,0,1,0,0,0,0,0,0,0,0,0,0,0,0,0
475,Gallade,Normal,1,3093,169,237,195,0,0,0,0,0,0,0,0,0,0,0,1,1,0,0,0,0,0
475,Gallade,Purified,1,3093,169,237,195,0,0,0,0,0,0,0,0,0,0,0,1,1,0,0,0,0,0
475,Gallade,Shadow,1,3093,169,237,195,0,0,0,0,0,0,0,0,0,0,0,1,1,0,0,0,0,0
476,Probopass,Normal,1,2080,155,135,275,0,0,0,0,0,0,0,0,0,0,0,0,0,1,0,0,1,0
477,Dusknoir,Normal,1,2388,128,180,254,0,0,0,0,0,0,0,0,0,0,0,0,0,0,1,0,0,0
477,Dusknoir,Purified,1,2388,128,180,254,0,0,0,0,0,0,0,0,0,0,0,0,0,0,1,0,0,0
477,Dusknoir,Shadow,1,2388,128,180,254,0,0,0,0,0,0,0,0,0,0,0,0,0,0,1,0,0,0
478,Froslass,Normal,1,2040,172,171,150,0,0,0,0,0,0,0,0,1,0,0,0,0,0,1,0,0,0
479,Rotom,Fan,0,2579,137,204,219,0,0,0,0,0,0,0,1,0,0,0,0,0,0,0,0,0,1
479,Rotom,Frost,0,2579,137,204,219,0,0,0,0,0,0,0,1,1,0,0,0,0,0,0,0,0,0
479,Rotom,Heat,0,2579,137,204,219,0,1,0,0,0,0,0,1,0,0,0,0,0,0,0,0,0,0
479,Rotom,Mow,0,2579,137,204,219,1,0,0,0,0,0,0,1,0,0,0,0,0,0,0,0,0,0
479,Rotom,Normal,0,2031,137,185,159,0,0,0,0,0,0,0,1,0,0,0,0,0,0,1,0,0,0
479,Rotom,Wash,0,2579,137,204,219,0,0,1,0,0,0,0,1,0,0,0,0,0,0,0,0,0,0
480,Uxie,Normal,1,2524,181,156,270,0,0,0,0,0,0,0,0,0,0,0,0,1,0,0,0,0,0
481,Mesprit,Normal,1,3058,190,212,212,0,0,0,0,0,0,0,0,0,0,0,0,1,0,0,0,0,0
482,Azelf,Normal,1,3210,181,270,151,0,0,0,0,0,0,0,0,0,0,0,0,1,0,0,0,0,0
483,Dialga,Normal,1,4038,205,275,211,0,0,0,0,0,0,0,0,0,0,0,0,0,0,0,1,1,0
484,Palkia,Normal,1,3991,189,280,215,0,0,1,0,0,0,0,0,0,0,0,0,0,0,0,1,0,0
485,Heatran,Normal,1,3754,209,251,213,0,1,0,0,0,0,0,0,0,0,0,0,0,0,0,0,1,0
486,Regigigas,Normal,1,4346,221,287,210,0,0,0,0,1,0,0,0,0,0,0,0,0,0,0,0,0,0
487,Giratina,Altered,1,3379,284,187,225,0,0,0,0,0,0,0,0,0,0,0,0,0,0,1,1,0,0
487,Giratina,Origin,1,3683,284,225,187,0,0,0,0,0,0,0,0,0,0,0,0,0,0,1,1,0,0
488,Cresselia,Normal,1,2857,260,152,258,0,0,0,0,0,0,0,0,0,0,0,0,1,0,0,0,0,0
489,Phione,Normal,0,2105,190,162,162,0,0,1,0,0,0,0,0,0,0,0,0,0,0,0,0,0,0
490,Manaphy,Normal,0,3265,225,210,210,0,0,1,0,0,0,0,0,0,0,0,0,0,0,0,0,0,0
491,Darkrai,Normal,1,3739,172,285,198,0,0,0,0,0,1,0,0,0,0,0,0,0,0,0,0,0,0
492,Shaymin,Land,0,3265,225,210,210,1,0,0,0,0,0,0,0,0,0,0,0,0,0,0,0,0,0
492,Shaymin,Sky,0,3592,225,261,166,1,0,0,0,0,0,0,0,0,0,0,0,0,0,0,0,0,1
493,Arceus,Bug,0,3989,237,238,238,0,0,0,1,0,0,0,0,0,0,0,0,0,0,0,0,0,0
493,Arceus,Dark,0,3989,237,238,238,0,0,0,0,0,1,0,0,0,0,0,0,0,0,0,0,0,0
493,Arceus,Dragon,0,3989,237,238,238,0,0,0,0,0,0,0,0,0,0,0,0,0,0,0,1,0,0
493,Arceus,Electric,0,3989,237,238,238,0,0,0,0,0,0,0,1,0,0,0,0,0,0,0,0,0,0
493,Arceus,Fairy,0,3989,237,238,238,0,0,0,0,0,0,0,0,0,0,1,0,0,0,0,0,0,0
493,Arceus,Fighting,0,3989,237,238,238,0,0,0,0,0,0,0,0,0,0,0,1,0,0,0,0,0,0
493,Arceus,Fire,0,3989,237,238,238,0,1,0,0,0,0,0,0,0,0,0,0,0,0,0,0,0,0
493,Arceus,Flying,0,3989,237,238,238,0,0,0,0,0,0,0,0,0,0,0,0,0,0,0,0,0,1
493,Arceus,Ghost,0,3989,237,238,238,0,0,0,0,0,0,0,0,0,0,0,0,0,0,1,0,0,0
493,Arceus,Grass,0,3989,237,238,238,1,0,0,0,0,0,0,0,0,0,0,0,0,0,0,0,0,0
493,Arceus,Ground,0,3989,237,238,238,0,0,0,0,0,0,0,0,0,1,0,0,0,0,0,0,0,0
493,Arceus,Ice,0,3989,237,238,238,0,0,0,0,0,0,0,0,1,0,0,0,0,0,0,0,0,0
493,Arceus,Normal,0,3989,237,238,238,0,0,0,0,1,0,0,0,0,0,0,0,0,0,0,0,0,0
493,Arceus,Poison,0,3989,237,238,238,0,0,0,0,0,0,1,0,0,0,0,0,0,0,0,0,0,0
493,Arceus,Psychic,0,3989,237,238,238,0,0,0,0,0,0,0,0,0,0,0,0,1,0,0,0,0,0
493,Arceus,Rock,0,3989,237,238,238,0,0,0,0,0,0,0,0,0,0,0,0,0,1,0,0,0,0
493,Arceus,Steel,0,3989,237,238,238,0,0,0,0,0,0,0,0,0,0,0,0,0,0,0,0,1,0
493,Arceus,Water,0,3989,237,238,238,0,0,1,0,0,0,0,0,0,0,0,0,0,0,0,0,0,0
494,Victini,Normal,0,3265,225,210,210,0,1,0,0,0,0,0,0,0,0,0,0,1,0,0,0,0,0
495,Snivy,Normal,1,849,128,88,107,1,0,0,0,0,0,0,0,0,0,0,0,0,0,0,0,0,0
496,Servine,Normal,1,1441,155,122,152,1,0,0,0,0,0,0,0,0,0,0,0,0,0,0,0,0,0
497,Serperior,Normal,1,2277,181,161,204,1,0,0,0,0,0,0,0,0,0,0,0,0,0,0,0,0,0
498,Tepig,Normal,1,1083,163,115,85,0,1,0,0,0,0,0,0,0,0,0,0,0,0,0,0,0,0
499,Pignite,Normal,1,1924,207,173,106,0,1,0,0,0,0,0,0,0,0,0,1,0,0,0,0,0,0
500,Emboar,Normal,1,2982,242,235,127,0,1,0,0,0,0,0,0,0,0,0,1,0,0,0,0,0,0
501,Oshawott,Normal,1,1046,146,117,85,0,0,1,0,0,0,0,0,0,0,0,0,0,0,0,0,0,0
502,Dewott,Normal,1,1741,181,159,116,0,0,1,0,0,0,0,0,0,0,0,0,0,0,0,0,0,0
503,Samurott,Normal,1,2826,216,212,157,0,0,1,0,0,0,0,0,0,0,0,0,0,0,0,0,0,0
504,Patrat,Normal,1,791,128,98,73,0,0,0,0,1,0,0,0,0,0,0,0,0,0,0,0,0,0
505,Watchog,Normal,1,1819,155,165,139,0,0,0,0,1,0,0,0,0,0,0,0,0,0,0,0,0,0
506,Lillipup,Normal,1,915,128,107,86,0,0,0,0,1,0,0,0,0,0,0,0,0,0,0,0,0,0
507,Herdier,Normal,1,1583,163,145,126,0,0,0,0,1,0,0,0,0,0,0,0,0,0,0,0,0,0
508,Stoutland,Normal,1,2827,198,206,182,0,0,0,0,1,0,0,0,0,0,0,0,0,0,0,0,0,0
509,Purrloin,Normal,1,772,121,98,73,0,0,0,0,0,1,0,0,0,0,0,0,0,0,0,0,0,0
510,Liepard,Normal,1,1846,162,187,106,0,0,0,0,0,1,0,0,0,0,0,0,0,0,0,0,0,0
511,Pansage,Normal,1,956,137,104,94,1,0,0,0,0,0,0,0,0,0,0,0,0,0,0,0,0,0
512,Simisage,Normal,1,2350,181,206,133,1,0,0,0,0,0,0,0,0,0,0,0,0,0,0,0,0,0
513,Pansear,Normal,1,956,137,104,94,0,1,0,0,0,0,0,0,0,0,0,0,0,0,0,0,0,0
514,Simisear,Normal,1,2350,181,206,133,0,1,0,0,0,0,0,0,0,0,0,0,0,0,0,0,0,0
515,Panpour,Normal,1,956,137,104,94,0,0,1,0,0,0,0,0,0,0,0,0,0,0,0,0,0,0
516,Simipour,Normal,1,2350,181,206,133,0,0,1,0,0,0,0,0,0,0,0,0,0,0,0,0,0,0
517,Munna,Normal,0,1145,183,111,92,0,0,0,0,0,0,0,0,0,0,0,0,1,0,0,0,0,0
518,Musharna,Normal,0,2723,253,183,166,0,0,0,0,0,0,0,0,0,0,0,0,1,0,0,0,0,0
519,Pidove,Normal,1,848,137,98,80,0,0,0,0,1,0,0,0,0,0,0,0,0,0,0,0,0,1
520,Tranquill,Normal,1,1442,158,144,107,0,0,0,0,1,0,0,0,0,0,0,0,0,0,0,0,0,1
521,Unfezant,Normal,1,2734,190,226,146,0,0,0,0,1,0,0,0,0,0,0,0,0,0,0,0,0,1
522,Blitzle,Normal,1,882,128,118,64,0,0,0,0,0,0,0,1,0,0,0,0,0,0,0,0,0,0
523,Zebstrika,Normal,1,2428,181,211,136,0,0,0,0,0,0,0,1,0,0,0,0,0,0,0,0,0,0
524,Roggenrola,Normal,1,1205,146,121,110,0,0,0,0,0,0,0,0,0,0,0,0,0,1,0,0,0,0
525,Boldore,Normal,1,2029,172,174,143,0,0,0,0,0,0,0,0,0,0,0,0,0,1,0,0,0,0
526,Gigalith,Normal,1,3228,198,226,201,0,0,0,0,0,0,0,0,0,0,0,0,0,1,0,0,0,0
527,Woobat,Normal,1,1016,163,107,85,0,0,0,0,0,0,0,0,0,0,0,0,1,0,0,0,0,1
528,Swoobat,Normal,1,1716,167,161,119,0,0,0,0,0,0,0,0,0,0,0,0,1,0,0,0,0,1
529,Drilbur,Normal,1,1376,155,154,85,0,0,0,0,0,0,0,0,0,1,0,0,0,0,0,0,0,0
530,Excadrill,Normal,1,3244,242,255,129,0,0,0,0,0,0,0,0,0,1,0,0,0,0,0,0,1,0
531,Audino,Normal,1,1682,230,114,163,0,0,0,0,1,0,0,0,0,0,0,0,0,0,0,0,0,0
532,Timburr,Normal,1,1315,181,134,87,0,0,0,0,0,0,0,0,0,0,0,1,0,0,0,0,0,0
533,Gurdurr,Normal,1,2169,198,180,134,0,0,0,0,0,0,0,0,0,0,0,1,0,0,0,0,0,0
534,Conkeldurr,Normal,1,3337,233,243,158,0,0,0,0,0,0,0,0,0,0,0,1,0,0,0,0,0,0
535,Tympole,Normal,1,839,137,98,78,0,0,1,0,0,0,0,0,0,0,0,0,0,0,0,0,0,0
536,Palpitoad,Normal,1,1392,181,128,109,0,0,1,0,0,0,0,0,0,1,0,0,0,0,0,0,0,0
537,Seismitoad,Normal,1,2564,233,188,150,0,0,1,0,0,0,0,0,0,1,0,0,0,0,0,0,0,0
538,Throh,Normal,1,2562,260,172,160,0,0,0,0,0,0,0,0,0,0,0,1,0,0,0,0,0,0
539,Sawk,Normal,1,2788,181,231,153,0,0,0,0,0,0,0,0,0,0,0,1,0,0,0,0,0,0
540,Sewaddle,Normal,0,977,128,96,124,1,0,0,1,0,0,0,0,0,0,0,0,0,0,0,0,0,0
541,Swadloon,Normal,0,1370,146,115,162,1,0,0,1,0,0,0,0,0,0,0,0,0,0,0,0,0,0
542,Leavanny,Normal,0,2580,181,205,165,1,0,0,1,0,0,0,0,0,0,0,0,0,0,0,0,0,0
543,Venipede,Normal,1,706,102,83,99,0,0,0,1,0,0,1,0,0,0,0,0,0,0,0,0,0,0
544,Whirlipede,Normal,1,1144,120,100,173,0,0,0,1,0,0,1,0,0,0,0,0,0,0,0,0,0,0
545,Scolipede,Normal,1,2447,155,203,175,0,0,0,1,0,0,1,0,0,0,0,0,0,0,0,0,0,0
546,Cottonee,Normal,0,700,120,71,111,1,0,0,0,0,0,0,0,0,0,1,0,0,0,0,0,0,0
547,Whimsicott,Normal,0,2014,155,164,176,1,0,0,0,0,0,0,0,0,0,1,0,0,0,0,0,0,0
548,Petilil,Normal,0,1030,128,119,91,1,0,0,0,0,0,0,0,0,0,0,0,0,0,0,0,0,0
549,Lilligant,Normal,0,2550,172,214,155,1,0,0,0,0,0,0,0,0,0,0,0,0,0,0,0,0,0
550,Basculin,Blue_striped,1,2090,172,189,129,0,0,1,0,0,0,0,0,0,0,0,0,0,0,0,0,0,0
550,Basculin,Red_striped,1,2090,172,189,129,0,0,1,0,0,0,0,0,0,0,0,0,0,0,0,0,0,0
551,Sandile,Normal,0,1037,137,132,69,0,0,0,0,0,1,0,0,0,1,0,0,0,0,0,0,0,0
552,Krokorok,Normal,0,1418,155,155,90,0,0,0,0,0,1,0,0,0,1,0,0,0,0,0,0,0,0
553,Krookodile,Normal,0,3046,216,229,158,0,0,0,0,0,1,0,0,0,1,0,0,0,0,0,0,0,0
554,Darumaka,Normal,1,1442,172,153,86,0,1,0,0,0,0,0,0,0,0,0,0,0,0,0,0,0,0
555,Darmanitan,Standard,1,3105,233,263,114,0,1,0,0,0,0,0,0,0,0,0,0,0,0,0,0,0,0
555,Darmanitan,Zen,0,3738,233,243,202,0,1,0,0,0,0,0,0,0,0,0,0,1,0,0,0,0,0
556,Maractus,Normal,1,2274,181,201,130,1,0,0,0,0,0,0,0,0,0,0,0,0,0,0,0,0,0
557,Dwebble,Normal,1,1224,137,118,128,0,0,0,1,0,0,0,0,0,0,0,0,0,1,0,0,0,0
558,Crustle,Normal,1,2542,172,188,200,0,0,0,1,0,0,0,0,0,0,0,0,0,1,0,0,0,0
559,Scraggy,Normal,1,1372,137,132,132,0,0,0,0,0,1,0,0,0,0,0,1,0,0,0,0,0,0
560,Scrafty,Normal,1,2283,163,163,222,0,0,0,0,0,1,0,0,0,0,0,1,0,0,0,0,0,0
561,Sigilyph,Normal,1,2550,176,204,167,0,0,0,0,0,0,0,0,0,0,0,0,1,0,0,0,0,1
562,Yamask,Normal,1,982,116,95,141,0,0,0,0,0,0,0,0,0,0,0,0,0,0,1,0,0,0
563,Cofagrigus,Normal,1,2273,151,163,237,0,0,0,0,0,0,0,0,0,0,0,0,0,0,1,0,0,0
564,Tirtouga,Normal,1,1488,144,134,146,0,0,1,0,0,0,0,0,0,0,0,0,0,1,0,0,0,0
565,Carracosta,Normal,1,2621,179,192,197,0,0,1,0,0,0,0,0,0,0,0,0,0,1,0,0,0,0
566,Archen,Normal,1,1842,146,213,89,0,0,0,0,0,0,0,0,0,0,0,0,0,1,0,0,0,1
567,Archeops,Normal,1,3331,181,292,139,0,0,0,0,0,0,0,0,0,0,0,0,0,1,0,0,0,1
568,Trubbish,Normal,1,1000,137,96,122,0,0,0,0,0,0,1,0,0,0,0,0,0,0,0,0,0,0
569,Garbodor,Normal,1,2345,190,181,164,0,0,0,0,0,0,1,0,0,0,0,0,0,0,0,0,0,0
570,Zorua,Normal,0,1175,120,153,78,0,0,0,0,0,1,0,0,0,0,0,0,0,0,0,0,0,0
571,Zoroark,Normal,0,2571,155,250,127,0,0,0,0,0,1,0,0,0,0,0,0,0,0,0,0,0,0
572,Minccino,Normal,0,872,146,98,80,0,0,0,0,1,0,0,0,0,0,0,0,0,0,0,0,0,0
573,Cinccino,Normal,0,2242,181,198,130,0,0,0,0,1,0,0,0,0,0,0,0,0,0,0,0,0,0
574,Gothita,Normal,0,951,128,98,112,0,0,0,0,0,0,0,0,0,0,0,0,1,0,0,0,0,0
575,Gothorita,Normal,0,1604,155,137,153,0,0,0,0,0,0,0,0,0,0,0,0,1,0,0,0,0,0
576,Gothitelle,Normal,0,2419,172,176,205,0,0,0,0,0,0,0,0,0,0,0,0,1,0,0,0,0,0
577,Solosis,Normal,0,1367,128,170,83,0,0,0,0,0,0,0,0,0,0,0,0,1,0,0,0,0,0
578,Duosion,Normal,0,2018,163,208,103,0,0,0,0,0,0,0,0,0,0,0,0,1,0,0,0,0,0
579,Reuniclus,Normal,0,2927,242,214,148,0,0,0,0,0,0,0,0,0,0,0,0,1,0,0,0,0,0
580,Ducklett,Normal,0,856,158,84,96,0,0,1,0,0,0,0,0,0,0,0,0,0,0,0,0,0,1
581,Swanna,Normal,0,2088,181,182,132,0,0,1,0,0,0,0,0,0,0,0,0,0,0,0,0,0,1
582,Vanillite,Normal,0,1033,113,118,106,0,0,0,0,0,0,0,0,1,0,0,0,0,0,0,0,0,0
583,Vanillish,Normal,0,1591,139,151,138,0,0,0,0,0,0,0,0,1,0,0,0,0,0,0,0,0,0
584,Vanilluxe,Normal,0,2822,174,218,184,0,0,0,0,0,0,0,0,1,0,0,0,0,0,0,0,0,0
585,Deerling,Autumn,0,1135,155,115,100,1,0,0,0,1,0,0,0,0,0,0,0,0,0,0,0,0,0
585,Deerling,Spring,0,1135,155,115,100,1,0,0,0,1,0,0,0,0,0,0,0,0,0,0,0,0,0
585,Deerling,Summer,0,1135,155,115,100,1,0,0,0,1,0,0,0,0,0,0,0,0,0,0,0,0,0
585,Deerling,Winter,0,1135,155,115,100,1,0,0,0,1,0,0,0,0,0,0,0,0,0,0,0,0,0
586,Sawsbuck,Autumn,0,2416,190,198,146,1,0,0,0,1,0,0,0,0,0,0,0,0,0,0,0,0,0
586,Sawsbuck,Spring,0,2416,190,198,146,1,0,0,0,1,0,0,0,0,0,0,0,0,0,0,0,0,0
586,Sawsbuck,Summer,0,2416,190,198,146,1,0,0,0,1,0,0,0,0,0,0,0,0,0,0,0,0,0
586,Sawsbuck,Winter,0,2416,190,198,146,1,0,0,0,1,0,0,0,0,0,0,0,0,0,0,0,0,0
587,Emolga,Normal,0,1633,146,158,127,0,0,0,0,0,0,0,1,0,0,0,0,0,0,0,0,0,1
588,Karrablast,Normal,1,1182,137,137,87,0,0,0,1,0,0,0,0,0,0,0,0,0,0,0,0,0,0
589,Escavalier,Normal,1,2889,172,223,187,0,0,0,1,0,0,0,0,0,0,0,0,0,0,0,0,1,0
590,Foongus,Normal,1,979,170,97,91,1,0,0,0,0,0,1,0,0,0,0,0,0,0,0,0,0,0
591,Amoonguss,Normal,1,2140,249,155,139,1,0,0,0,0,0,1,0,0,0,0,0,0,0,0,0,0,0
592,Frillish,Normal,0,1257,146,115,134,0,0,1,0,0,0,0,0,0,0,0,0,0,0,1,0,0,0
593,Jellicent,Normal,0,2338,225,159,178,0,0,1,0,0,0,0,0,0,0,0,0,0,0,1,0,0,0
594,Alomomola,Normal,1,2169,338,138,131,0,0,1,0,0,0,0,0,0,0,0,0,0,0,0,0,0,0
595,Joltik,Normal,1,1023,137,110,98,0,0,0,1,0,0,0,1,0,0,0,0,0,0,0,0,0,0
596,Galvantula,Normal,1,2206,172,201,128,0,0,0,1,0,0,0,1,0,0,0,0,0,0,0,0,0,0
597,Ferroseed,Normal,1,941,127,82,155,1,0,0,0,0,0,0,0,0,0,0,0,0,0,0,0,1,0
598,Ferrothorn,Normal,1,2321,179,158,223,1,0,0,0,0,0,0,0,0,0,0,0,0,0,0,0,1,0
599,Klink,Normal,1,956,120,98,121,0,0,0,0,0,0,0,0,0,0,0,0,0,0,0,0,1,0
600,Klang,Normal,1,1847,155,150,174,0,0,0,0,0,0,0,0,0,0,0,0,0,0,0,0,1,0
601,Klinklang,Normal,1,2637,155,199,214,0,0,0,0,0,0,0,0,0,0,0,0,0,0,0,0,1,0
602,Tynamo,Normal,0,811,111,105,78,0,0,0,0,0,0,0,1,0,0,0,0,0,0,0,0,0,0
603,Eelektrik,Normal,0,1715,163,156,130,0,0,0,0,0,0,0,1,0,0,0,0,0,0,0,0,0,0
604,Eelektross,Normal,0,2732,198,217,152,0,0,0,0,0,0,0,1,0,0,0,0,0,0,0,0,0,0
605,Elgyem,Normal,0,1385,146,148,100,0,0,0,0,0,0,0,0,0,0,0,0,1,0,0,0,0,0
606,Beheeyem,Normal,0,2753,181,221,163,0,0,0,0,0,0,0,0,0,0,0,0,1,0,0,0,0,0
607,Litwick,Normal,1,1006,137,108,98,0,1,0,0,0,0,0,0,0,0,0,0,0,0,1,0,0,0
608,Lampent,Normal,1,1708,155,169,115,0,1,0,0,0,0,0,0,0,0,0,0,0,0,1,0,0,0
609,Chandelure,Normal,1,3268,155,271,182,0,1,0,0,0,0,0,0,0,0,0,0,0,0,1,0,0,0
610,Axew,Normal,1,1368,130,154,101,0,0,0,0,0,0,0,0,0,0,0,0,0,0,0,1,0,0
611,Fraxure,Normal,1,2234,165,212,123,0,0,0,0,0,0,0,0,0,0,0,0,0,0,0,1,0,0
612,Haxorus,Normal,1,3593,183,284,172,0,0,0,0,0,0,0,0,0,0,0,0,0,0,0,1,0,0
613,Cubchoo,Normal,1,1069,146,128,74,0,0,0,0,0,0,0,0,1,0,0,0,0,0,0,0,0,0
614,Beartic,Normal,1,3042,216,233,152,0,0,0,0,0,0,0,0,1,0,0,0,0,0,0,0,0,0
615,Cryogonal,Normal,1,2798,190,190,218,0,0,0,0,0,0,0,0,1,0,0,0,0,0,0,0,0,0
616,Shelmet,Normal,1,834,137,72,140,0,0,0,1,0,0,0,0,0,0,0,0,0,0,0,0,0,0
617,Accelgor,Normal,1,2441,190,220,120,0,0,0,1,0,0,0,0,0,0,0,0,0,0,0,0,0,0
618,Stunfisk,Normal,0,2162,240,144,171,0,0,0,0,0,0,0,1,0,1,0,0,0,0,0,0,0,0
619,Mienfoo,Normal,0,1389,128,160,98,0,0,0,0,0,0,0,0,0,0,0,1,0,0,0,0,0,0
620,Mienshao,Normal,0,2710,163,258,127,0,0,0,0,0,0,0,0,0,0,0,1,0,0,0,0,0,0
621,Druddigon,Normal,0,2732,184,213,170,0,0,0,0,0,0,0,0,0,0,0,0,0,0,0,1,0,0
622,Golett,Normal,1,1189,153,127,92,0,0,0,0,0,0,0,0,0,1,0,0,0,0,1,0,0,0
623,Golurk,Normal,1,2854,205,222,154,0,0,0,0,0,0,0,0,0,1,0,0,0,0,1,0,0,0
624,Pawniard,Normal,0,1433,128,154,114,0,0,0,0,0,1,0,0,0,0,0,0,0,0,0,0,1,0
625,Bisharp,Normal,0,2844,163,232,176,0,0,0,0,0,1,0,0,0,0,0,0,0,0,0,0,1,0
626,Bouffalant,Normal,0,2797,216,195,182,0,0,0,0,1,0,0,0,0,0,0,0,0,0,0,0,0,0
627,Rufflet,Normal,0,1491,172,150,97,0,0,0,0,1,0,0,0,0,0,0,0,0,0,0,0,0,1
628,Braviary,Normal,0,3088,225,232,152,0,0,0,0,1,0,0,0,0,0,0,0,0,0,0,0,0,1
629,Vullaby,Normal,0,1271,172,105,139,0,0,0,0,0,1,0,0,0,0,0,0,0,0,0,0,0,1
630,Mandibuzz,Normal,0,2138,242,129,205,0,0,0,0,0,1,0,0,0,0,0,0,0,0,0,0,0,1
631,Heatmor,Normal,1,2395,198,204,129,0,1,0,0,0,0,0,0,0,0,0,0,0,0,0,0,0,0
632,Durant,Normal,1,2659,151,217,188,0,0,0,1,0,0,0,0,0,0,0,0,0,0,0,0,1,0
633,Deino,Normal,1,1062,141,116,93,0,0,0,0,0,1,0,0,0,0,0,0,0,0,0,1,0,0
634,Zweilous,Normal,1,1839,176,159,135,0,0,0,0,0,1,0,0,0,0,0,0,0,0,0,1,0,0
635,Hydreigon,Normal,0,3625,211,256,188,0,0,0,0,0,1,0,0,0,0,0,0,0,0,0,1,0,0
636,Larvesta,Normal,0,1496,146,156,107,0,1,0,1,0,0,0,0,0,0,0,0,0,0,0,0,0,0
637,Volcarona,Normal,0,3632,198,264,189,0,1,0,1,0,0,0,0,0,0,0,0,0,0,0,0,0,0
638,Cobalion,Normal,1,3022,209,192,229,0,0,0,0,0,0,0,0,0,0,0,1,0,0,0,0,1,0
639,Terrakion,Normal,1,3698,209,260,192,0,0,0,0,0,0,0,0,0,0,0,1,0,1,0,0,0,0
640,Virizion,Normal,1,3022,209,192,229,1,0,0,0,0,0,0,0,0,0,0,1,0,0,0,0,0,0
641,Tornadus,Incarnate,1,3345,188,266,164,0,0,0,0,0,0,0,0,0,0,0,0,0,0,0,0,0,1
641,Tornadus,Therian,0,3215,188,238,189,0,0,0,0,0,0,0,0,0,0,0,0,0,0,0,0,0,1
642,Thundurus,Incarnate,0,3345,188,266,164,0,0,0,0,0,0,0,1,0,0,0,0,0,0,0,0,0,1
642,Thundurus,Therian,0,3659,188,295,161,0,0,0,0,0,0,0,1,0,0,0,0,0,0,0,0,0,1
643,Reshiram,Normal,0,4038,205,275,211,0,1,0,0,0,0,0,0,0,0,0,0,0,0,0,1,0,0
644,Zekrom ,Normal,0,4038,205,275,211,0,0,0,0,0,0,0,1,0,0,0,0,0,0,0,1,0,0
645,Landorus,Incarnate,0,3588,205,261,182,0,0,0,0,0,0,0,0,0,1,0,0,0,0,0,0,0,1
645,Landorus,Therian,0,3922,205,289,179,0,0,0,0,0,0,0,0,0,1,0,0,0,0,0,0,0,1
646,Kyurem,Black,0,4605,245,310,183,0,0,0,0,0,0,0,0,1,0,0,0,0,0,0,1,0,0
646,Kyurem,Normal,0,3575,245,246,170,0,0,0,0,0,0,0,0,1,0,0,0,0,0,0,1,0,0
646,Kyurem,White,0,4605,245,310,183,0,0,0,0,0,0,0,0,1,0,0,0,0,0,0,1,0,0
647,Keldeo,Ordinary,0,3698,209,260,192,0,0,1,0,0,0,0,0,0,0,0,1,0,0,0,0,0,0
647,Keldeo,Resolute,0,3698,209,260,192,0,0,1,0,0,0,0,0,0,0,0,1,0,0,0,0,0,0
648,Meloetta,Aria,0,3972,225,250,225,0,0,0,0,1,0,0,0,0,0,0,0,1,0,0,0,0,0
648,Meloetta,Pirouette,0,3915,225,269,188,0,0,0,0,1,0,0,0,0,0,0,1,0,0,0,0,0,0
649,Genesect,Burn,0,3353,174,252,199,0,0,0,1,0,0,0,0,0,0,0,0,0,0,0,0,1,0
649,Genesect,Chill,0,3353,174,252,199,0,0,0,1,0,0,0,0,0,0,0,0,0,0,0,0,1,0
649,Genesect,Douse,0,3353,174,252,199,0,0,0,1,0,0,0,0,0,0,0,0,0,0,0,0,1,0
649,Genesect,Normal,0,3353,174,252,199,0,0,0,1,0,0,0,0,0,0,0,0,0,0,0,0,1,0
649,Genesect,Shock,0,3353,174,252,199,0,0,0,1,0,0,0,0,0,0,0,0,0,0,0,0,1,0
808,Meltan,Normal,1,1068,130,118,99,0,0,0,0,0,0,0,0,0,0,0,0,0,0,0,0,1,0
809,Melmetal,Normal,1,3599,264,226,190,0,0,0,0,0,0,0,0,0,0,0,0,0,0,0,0,1,0
