,National Dex #,Pokémon,HP,Attack,Defense,Special Attack,Special Defense,Speed,Mean,SD,Total
0,001,Bulbasaur,45,49,49,65,65,45,"53,00","8,64",318
1,002,Ivysaur,60,62,63,80,80,60,"67,50","8,90",405
2,003,Venusaur,80,82,83,100,100,80,"87,50","8,90",525
3,003,Mega-Venusaur,80,100,123,122,120,80,"104,17","18,75",625
4,004,Charmander,39,52,43,60,50,65,"51,50","9,00",309
5,005,Charmeleon,58,64,58,80,65,80,"67,50","9,23",405
6,006,Charizard,78,84,78,109,85,100,"89,00","11,58",534
7,006,Mega-Charizard X,78,130,111,130,85,100,"105,67","20,15",634
8,006,Mega-Charizard Y,78,104,78,159,115,100,"105,67","27,38",634
9,007,Squirtle,44,48,65,50,64,43,"52,33","8,92",314
10,008,Wartortle,59,63,80,65,80,58,"67,50","9,14",405
11,009,Blastoise,79,83,100,85,105,78,"88,33","10,39",530
12,009,Mega-Blastoise,79,103,120,135,115,78,"105,00","20,95",630
13,010,Caterpie,45,30,35,20,20,45,"32,50","10,31",195
14,011,Metapod,50,20,55,25,25,30,"34,17","13,36",205
15,012,Butterfree,60,45,50,901,80,70,"65,83","15,92",395
16,013,Weedle,40,35,30,20,20,50,"32,50","10,70",195
17,014,Kakuna,45,25,50,25,25,35,"34,17","10,17",205
18,015,Beedrill,65,901,40,45,80,75,"65,83","18,12",395
19,015,Mega-Beedrill,65,150,40,15,80,145,"82,50","50,23",495
20,016,Pidgey,40,45,40,35,35,56,"41,83","7,20",251
21,017,Pidgeotto,63,60,55,50,50,71,"58,17","7,47",349
22,018,Pidgeot,83,80,75,70,70,1012,"79,83","10,61",479
23,018,Mega-Pidgeot,83,80,80,135,80,121,"96,50","22,66",579
24,019,Rattata,30,56,35,25,35,72,"42,17","16,47",253
25,019,Rattata de Alola,30,56,35,25,35,72,"42,17","16,47",253
26,020,Raticate,55,81,60,50,70,97,"68,83","16,16",413
27,020,Raticate de Alola,75,71,70,40,80,77,"68,83","13,33",413
28,021,Spearow,40,60,30,31,31,70,"43,67","15,71",262
29,022,Fearow,65,90,65,61,61,100,"73,67","15,45",442
30,023,Ekans,35,60,44,40,54,55,"48,00","8,93",288
31,024,Arbok,60,953,69,65,79,80,"74,67","11,56",448
32,025,Pikachu,35,55,404,50,505,90,"53,33","17,72",320
33,025,Pikachu (inicial),45,80,50,75,60,120,"71,67","24,94",430
34,026,Raichu,60,90,55,90,80,1106,"80,83","18,80",485
35,026,Raichu de Alola,60,85,50,95,85,110,"80,83","20,29",485
36,027,Sandshrew,50,75,85,20,30,40,"50,00","23,27",300
37,027,Sandshrew de Alola,50,75,90,10,35,40,"50,00","26,30",300
38,028,Sandslash,75,100,110,45,55,65,"75,00","23,27",450
39,028,Sandslash de Alola,75,100,120,25,65,65,"75,00","29,86",450
40,029,Nidoran♀,55,47,52,40,40,41,"45,83","5,98",275
41,030,Nidorina,70,62,67,55,55,56,"60,83","5,98",365
42,031,Nidoqueen,90,927,87,75,85,76,"84,17","6,52",505
43,032,Nidoran♂,46,57,40,40,40,50,"45,50","6,37",273
44,033,Nidorino,61,72,57,55,55,65,"60,83","6,12",365
45,034,Nidoking,81,1028,77,85,75,85,"84,17","8,80",505
46,035,Clefairy,70,45,48,60,65,35,"53,83","12,18",323
47,036,Clefable,95,70,73,959,90,60,"80,50","13,52",483
48,037,Vulpix,38,41,40,50,65,65,"49,83","11,36",299
49,037,Vulpix de Alola,38,41,40,50,65,65,"49,83","11,36",299
50,038,Ninetales,73,76,75,81,100,100,"84,17","11,45",505
51,038,Ninetales de Alola,73,67,75,81,100,109,"84,17","15,17",505
52,039,Jigglypuff,115,45,20,45,25,20,"45,00","33,04",270
53,040,Wigglytuff,140,70,45,8510,50,45,"72,50","33,51",435
54,041,Zubat,40,45,35,30,40,55,"40,83","7,86",245
55,042,Golbat,75,80,70,65,75,90,"75,83","7,86",455
56,043,Oddish,45,50,55,75,65,30,"53,33","14,34",320
57,044,Gloom,60,65,70,85,75,40,"65,83","13,97",395
58,045,Vileplume,75,80,85,1106,90,50,"81,67","17,95",490
59,046,Paras,35,70,55,45,55,25,"47,50","14,65",285
60,047,Parasect,60,95,80,60,80,30,"67,50","20,77",405
61,048,Venonat,60,55,50,40,55,45,"50,83","6,72",305
62,049,Venomoth,70,65,60,90,75,90,"75,00","11,55",450
63,050,Diglett,10,55,25,35,45,95,"44,17","26,84",265
64,050,Diglett de Alola,10,55,30,35,45,90,"44,17","24,73",265
65,051,Dugtrio,35,10011,50,50,70,120,"70,83","30,06",425
66,051,Dugtrio de Alola,35,100,60,50,70,110,"70,83","26,52",425
67,052,Meowth,40,45,35,40,40,90,"48,33","18,86",290
68,052,Meowth de Alola,40,35,35,50,40,90,"48,33","19,29",290
69,052,Meowth de Galar,50,65,55,40,40,40,"48,33","9,43",290
70,053,Persian,65,70,60,65,65,115,"73,33","18,86",440
71,053,Persian de Alola,65,60,60,75,65,115,"73,33","19,29",440
72,054,Psyduck,50,52,48,65,50,55,"53,33","5,65",320
73,055,Golduck,80,82,78,95,80,85,"83,33","5,65",500
74,056,Mankey,40,80,35,35,45,70,"50,83","17,66",305
75,057,Primeape,65,105,60,60,70,95,"75,83","17,66",455
76,058,Growlithe,55,70,45,70,50,60,"58,33","9,43",350
77,059,Arcanine,90,110,80,100,80,95,"92,50","10,70",555
78,060,Poliwag,40,50,40,40,40,90,"50,00","18,26",300
79,061,Poliwhirl,65,65,65,50,50,90,"64,17","13,36",385
80,062,Poliwrath,90,959,95,70,90,70,"85,00","10,80",510
81,063,Abra,25,20,15,105,55,90,"51,67","35,08",310
82,064,Kadabra,40,35,30,120,70,105,"66,67","35,08",400
83,065,Alakazam,55,50,45,135,959,120,"83,33","35,43",500
84,065,Mega-Alakazam,55,50,65,175,10512,150,"100,00","48,13",600
85,066,Machop,70,80,50,35,35,35,"50,83","18,12",305
86,067,Machoke,80,100,70,50,60,45,"67,50","18,65",405
87,068,Machamp,90,130,80,65,85,55,"84,17","23,70",505
88,069,Bellsprout,50,75,35,70,30,40,"50,00","17,08",300
89,070,Weepinbell,65,90,50,85,45,55,"65,00","17,08",390
90,071,Victreebel,80,105,65,100,7013,70,"81,67","15,46",490
91,072,Tentacool,40,40,35,50,100,70,"55,83","22,81",335
92,073,Tentacruel,80,70,65,80,120,100,"85,83","18,80",515
93,074,Geodude,40,80,100,30,30,20,"50,00","29,44",300
94,074,Geodude de Alola,40,80,100,30,30,20,"50,00","29,44",300
95,075,Graveler,55,95,115,45,45,35,"65,00","29,44",390
96,075,Graveler de Alola,55,95,115,45,45,35,"65,00","29,44",390
97,076,Golem,80,12014,130,55,65,45,"82,50","31,98",495
98,076,Golem de Alola,80,120,130,55,65,45,"82,50","31,98",495
99,077,Ponyta,50,85,55,65,65,90,"68,33","14,62",410
100,077,Ponyta de Galar,50,85,55,65,65,90,"68,33","14,62",410
101,078,Rapidash,65,100,70,80,80,105,"83,33","14,62",500
102,078,Rapidash de Galar,65,100,70,80,80,105,"83,33","14,62",500
103,079,Slowpoke,90,65,65,40,40,15,"52,50","23,94",315
104,079,Slowpoke de Galar,90,65,65,40,40,15,"52,50","23,94",315
105,080,Slowbro,95,75,110,100,80,30,"81,67","25,93",490
106,080,Mega-Slowbro,95,75,180,130,80,30,"98,33","46,96",590
107,081,Magnemite,25,35,70,95,55,45,"54,17","23,17",325
108,082,Magneton,50,60,95,120,70,70,"77,50","23,41",465
109,083,Farfetch'd,52,9015,55,58,62,60,"62,83","12,58",377
110,083,Farfetch'd de Galar,52,95,55,58,62,55,"62,83","14,71",377
111,084,Doduo,35,85,45,35,35,75,"51,67","20,55",310
112,085,Dodrio,60,110,70,60,60,11016,"78,33","22,67",470
113,086,Seel,65,45,55,45,70,45,"54,17","10,17",325
114,087,Dewgong,90,70,80,70,95,70,"79,17","10,17",475
115,088,Grimer,80,80,50,40,50,25,"54,17","20,09",325
116,088,Grimer de Alola,80,80,50,40,50,25,"54,17","20,09",325
117,089,Muk,105,105,75,65,100,50,"83,33","21,34",500
118,089,Muk de Alola,105,105,75,65,100,50,"83,33","21,34",500
119,090,Shellder,30,65,100,45,25,40,"50,83","25,40",305
120,091,Cloyster,50,95,180,85,45,70,"87,50","44,98",525
121,092,Gastly,30,35,30,100,35,80,"51,67","27,79",310
122,093,Haunter,45,50,45,115,55,95,"67,50","27,35",405
123,094,Gengar,60,65,60,130,75,110,"83,33","27,03",500
124,094,Mega-Gengar,60,65,80,170,95,130,"100,00","38,84",600
125,095,Onix,35,45,160,30,45,70,"64,17","44,67",385
126,096,Drowzee,60,48,45,43,90,42,"54,67","16,89",328
127,097,Hypno,85,73,70,73,115,67,"80,50","16,41",483
128,098,Krabby,30,105,90,25,25,50,"54,17","32,07",325
129,099,Kingler,55,130,115,50,50,75,"79,17","32,07",475
130,100,Voltorb,40,30,50,55,55,100,"55,00","21,98",330
131,101,Electrode,60,50,70,80,80,15017,"81,67","32,36",490
132,102,Exeggcute,60,40,80,60,45,40,"54,17","14,26",325
133,103,Exeggutor,95,95,85,125,7515,55,"88,33","21,34",530
134,103,Exeggutor de Alola,95,105,85,125,75,45,"88,33","24,94",530
135,104,Cubone,50,50,95,40,50,35,"53,33","19,51",320
136,105,Marowak,60,80,110,50,80,45,"70,83","22,06",425
137,105,Marowak de Alola,60,80,110,50,80,45,"70,83","22,06",425
138,106,Hitmonlee,50,120,53,35,110,87,"75,83","31,88",455
139,107,Hitmonchan,50,105,79,35,110,76,"75,83","26,97",455
140,108,Lickitung,90,55,75,60,75,30,"64,17","19,02",385
141,109,Koffing,40,65,95,60,45,35,"56,67","20,14",340
142,110,Weezing,65,90,120,85,70,60,"81,67","20,14",490
143,110,Weezing de Galar,65,90,120,85,70,60,"81,67","20,14",490
144,111,Rhyhorn,80,85,95,30,30,25,"57,50","29,55",345
145,112,Rhydon,105,130,120,45,45,40,"80,83","38,23",485
146,113,Chansey,250,5,5,35,105,50,"75,00","85,20",450
147,114,Tangela,65,55,115,100,40,60,"72,50","26,26",435
148,115,Kangaskhan,105,95,80,40,80,90,"81,67","20,55",490
149,115,Mega-Kangaskhan,105,125,100,60,100,100,"98,33","19,29",590
150,116,Horsea,30,40,70,70,25,60,"49,17","18,35",295
151,117,Seadra,55,65,95,95,45,85,"73,33","19,51",440
152,118,Goldeen,45,67,60,35,50,63,"53,33","11,12",320
153,119,Seaking,80,92,65,65,80,68,"75,00","9,90",450
154,120,Staryu,30,45,55,70,55,85,"56,67","17,48",340
155,121,Starmie,60,75,85,100,85,115,"86,67","17,48",520
156,122,Mr. Mime,40,45,65,100,120,90,"76,67","29,11",460
157,122,Mr. Mime de Galar,50,65,65,90,90,100,"76,67","17,72",460
158,123,Scyther,70,110,80,55,80,105,"83,33","19,08",500
159,124,Jynx,65,50,35,115,95,95,"75,83","28,05",455
160,125,Electabuzz,65,83,57,95,85,105,"81,67","16,44",490
161,126,Magmar,65,95,57,100,85,93,"82,50","16,00",495
162,127,Pinsir,65,125,100,55,70,85,"83,33","23,57",500
163,127,Mega-Pinsir,65,155,120,65,90,105,"100,00","31,62",600
164,128,Tauros,75,100,95,40,70,110,"81,67","23,21",490
165,129,Magikarp,20,10,55,15,20,80,"33,33","25,44",200
166,130,Gyarados,95,125,79,60,100,81,"90,00","20,22",540
167,130,Mega-Gyarados,95,155,109,70,130,81,"106,67","28,94",640
168,131,Lapras,130,85,80,85,95,60,"89,17","21,10",535
169,132,Ditto,48,48,48,48,48,48,"48,00","0,00",288
170,133,Eevee,55,55,50,45,65,55,"54,17","6,07",325
171,133,Eevee (inicial),65,75,60,65,85,75,"70,83","8,37",425
172,134,Vaporeon,130,65,60,110,95,65,"87,50","26,26",525
173,135,Jolteon,65,65,60,110,95,130,"87,50","26,26",525
174,136,Flareon,65,130,60,95,110,65,"87,50","26,26",525
175,137,Porygon,65,60,70,85,75,40,"65,83","13,97",395
176,138,Omanyte,35,40,100,90,55,35,"59,17","26,37",355
177,139,Omastar,70,60,125,115,70,55,"82,50","27,20",495
178,140,Kabuto,30,80,90,55,45,55,"59,17","20,29",355
179,141,Kabutops,60,115,105,65,70,80,"82,50","20,56",495
180,142,Aerodactyl,80,105,65,60,75,130,"85,83","24,40",515
181,142,Mega-Aerodactyl,80,135,85,70,95,150,"102,50","29,55",615
182,143,Snorlax,160,110,65,65,110,30,"90,00","41,93",540
183,144,Articuno,90,85,100,95,125,85,"96,67","13,74",580
184,145,Zapdos,90,90,85,125,90,100,"96,67","13,44",580
185,146,Moltres,90,100,90,125,85,90,"96,67","13,44",580
186,147,Dratini,41,64,45,50,50,50,"50,00","7,09",300
187,148,Dragonair,61,84,65,70,70,70,"70,00","7,09",420
188,149,Dragonite,91,134,95,100,100,80,"100,00","16,64",600
189,150,Mewtwo,106,110,90,154,90,130,"113,33","22,68",680
190,150,Mega-Mewtwo X,106,190,100,154,100,130,"130,00","33,05",780
191,150,Mega-Mewtwo Y,106,150,70,194,120,140,"130,00","38,45",780
192,151,Mew,100,100,100,100,100,100,"100,00","0,00",600
193,152,Chikorita,45,49,65,49,65,45,"53,00","8,64",318
194,153,Bayleef,60,62,80,63,80,60,"67,50","8,90",405
195,154,Meganium,80,82,100,83,100,80,"87,50","8,90",525
196,155,Cyndaquil,39,52,43,60,50,65,"51,50","9,00",309
197,156,Quilava,58,64,58,80,65,80,"67,50","9,23",405
198,157,Typhlosion,78,84,78,109,85,100,"89,00","11,58",534
199,158,Totodile,50,65,64,44,48,43,"52,33","8,92",314
200,159,Croconaw,65,80,80,59,63,58,"67,50","9,14",405
201,160,Feraligatr,85,105,100,79,83,78,"88,33","10,39",530
202,161,Sentret,35,46,34,35,45,20,"35,83","8,59",215
203,162,Furret,85,76,64,45,55,90,"69,17","16,04",415
204,163,Hoothoot,60,30,30,36,56,50,"43,67","12,19",262
205,164,Noctowl,100,50,50,8618,96,70,"75,33","20,25",452
206,165,Ledyba,40,20,30,40,80,55,"44,17","19,24",265
207,166,Ledian,55,35,50,55,110,85,"65,00","25,00",390
208,167,Spinarak,40,60,40,40,40,30,"41,67","8,98",250
209,168,Ariados,70,90,70,60,7019,40,"66,67","14,91",400
210,169,Crobat,85,90,80,70,80,130,"89,17","19,24",535
211,170,Chinchou,75,38,38,56,56,67,"55,00","13,69",330
212,171,Lanturn,125,58,58,76,76,67,"76,67","22,83",460
213,172,Pichu,20,40,15,35,35,60,"34,17","14,55",205
214,173,Cleffa,50,25,28,45,55,15,"36,33","14,51",218
215,174,Igglybuff,90,30,15,40,20,15,"35,00","26,14",210
216,175,Togepi,35,20,65,40,65,20,"40,83","18,58",245
217,176,Togetic,55,40,85,80,105,40,"67,50","24,28",405
218,177,Natu,40,50,45,70,45,70,"53,33","12,13",320
219,178,Xatu,65,75,70,95,70,95,"78,33","12,13",470
220,179,Mareep,55,40,40,65,45,35,"46,67","10,27",280
221,180,Flaaffy,70,55,55,80,60,45,"60,83","11,33",365
222,181,Ampharos,90,75,8510,115,90,55,"85,00","18,03",510
223,181,Mega-Ampharos,90,95,105,165,110,45,"101,67","35,32",610
224,182,Bellossom,75,80,959,90,100,50,"81,67","16,50",490
225,183,Marill,70,20,50,20,50,40,"41,67","17,72",250
226,184,Azumarill,100,50,80,6020,80,50,"70,00","18,26",420
227,185,Sudowoodo,70,100,115,30,65,30,"68,33","31,97",410
228,186,Politoed,90,75,75,90,100,70,"83,33","10,67",500
229,187,Hoppip,35,35,40,35,55,50,"41,67","7,99",250
230,188,Skiploom,55,45,50,45,65,80,"56,67","12,47",340
231,189,Jumpluff,75,55,70,55,959,110,"76,67","20,14",460
232,190,Aipom,55,70,55,40,55,85,"60,00","14,14",360
233,191,Sunkern,30,30,30,30,30,30,"30,00","0,00",180
234,192,Sunflora,75,75,55,105,85,30,"70,83","23,53",425
235,193,Yanma,65,65,45,75,45,95,"65,00","17,32",390
236,194,Wooper,55,45,45,25,25,15,"35,00","14,14",210
237,195,Quagsire,95,85,85,65,65,35,"71,67","19,72",430
238,196,Espeon,65,65,60,130,95,110,"87,50","26,26",525
239,197,Umbreon,95,65,110,60,130,65,"87,50","26,26",525
240,198,Murkrow,60,85,42,85,42,91,"67,50","20,50",405
241,199,Slowking,95,75,80,100,110,30,"81,67","25,93",490
242,200,Misdreavus,60,60,60,85,85,85,"72,50","12,50",435
243,201,Unown,48,72,48,72,48,48,"56,00","11,31",336
244,202,Wobbuffet,190,33,58,33,58,33,"67,50","55,91",405
245,203,Girafarig,70,80,65,90,65,85,"75,83","9,75",455
246,204,Pineco,50,65,90,35,35,15,"48,33","24,09",290
247,205,Forretress,75,90,140,60,60,40,"77,50","31,85",465
248,206,Dunsparce,100,70,70,65,65,45,"69,17","16,18",415
249,207,Gligar,65,75,105,35,65,85,"71,67","21,34",430
250,208,Steelix,75,85,200,55,65,30,"85,00","54,24",510
251,208,Mega-Steelix,75,125,230,55,95,30,"101,67","64,66",610
252,209,Snubbull,60,80,50,40,40,30,"50,00","16,33",300
253,210,Granbull,90,120,75,60,60,45,"75,00","24,49",450
254,211,Qwilfish,65,95,8521,55,55,85,"73,33","15,72",440
255,212,Scizor,70,130,100,55,80,65,"83,33","25,11",500
256,212,Mega-Scizor,70,150,140,65,100,75,"100,00","33,79",600
257,213,Shuckle,20,10,230,10,230,5,"84,17","103,22",505
258,214,Heracross,80,125,75,40,95,85,"83,33","25,28",500
259,214,Mega-Heracross,80,185,115,40,105,75,"100,00","44,91",600
260,215,Sneasel,55,95,55,35,75,115,"71,67","26,87",430
261,216,Teddiursa,60,80,50,50,50,40,"55,00","12,58",330
262,217,Ursaring,90,130,75,75,75,55,"83,33","23,21",500
263,218,Slugma,40,40,40,70,40,20,"41,67","14,62",250
264,219,Magcargo,50,6022,120,9011,80,30,"71,67","29,11",430
265,220,Swinub,50,50,40,30,30,50,"41,67","8,98",250
266,221,Piloswine,100,100,80,60,60,50,"75,00","19,79",450
267,222,Corsola,6523,55,953,65,953,35,"68,33","21,34",410
268,222,Corsola de Galar,60,55,100,65,100,30,"68,33","24,94",410
269,223,Remoraid,35,65,35,65,35,65,"50,00","15,00",300
270,224,Octillery,75,105,75,105,75,45,"80,00","20,62",480
271,225,Delibird,45,55,45,65,45,75,"55,00","11,55",330
272,226,Mantine,8515,40,70,80,140,70,"80,83","30,06",485
273,227,Skarmory,65,80,140,40,70,70,"77,50","30,52",465
274,228,Houndour,45,60,30,80,50,65,"55,00","15,81",330
275,229,Houndoom,75,90,50,110,80,95,"83,33","18,63",500
276,229,Mega-Houndoom,75,90,90,140,90,115,"100,00","21,41",600
277,230,Kingdra,75,95,95,95,95,85,"90,00","7,64",540
278,231,Phanpy,90,60,60,40,40,40,"55,00","18,03",330
279,232,Donphan,90,120,120,60,60,50,"83,33","28,67",500
280,233,Porygon2,85,80,90,105,95,60,"85,83","13,97",515
281,234,Stantler,73,95,62,85,65,85,"77,50","11,80",465
282,235,Smeargle,55,20,35,20,45,75,"41,67","19,51",250
283,236,Tyrogue,35,35,35,35,35,35,"35,00","0,00",210
284,237,Hitmontop,50,95,95,35,110,70,"75,83","26,68",455
285,238,Smoochum,45,30,15,85,65,65,"50,83","23,53",305
286,239,Elekid,45,63,37,65,55,95,"60,00","18,43",360
287,240,Magby,45,75,37,70,55,83,"60,83","16,48",365
288,241,Miltank,95,80,105,40,70,100,"81,67","22,11",490
289,242,Blissey,255,10,10,75,135,55,"90,00","85,15",540
290,243,Raikou,90,85,75,115,100,115,"96,67","14,91",580
291,244,Entei,115,115,85,90,75,100,"96,67","14,91",580
292,245,Suicune,100,75,115,90,115,85,"96,67","14,91",580
293,246,Larvitar,50,64,50,45,50,41,"50,00","7,09",300
294,247,Pupitar,70,84,70,65,70,51,"68,33","9,71",410
295,248,Tyranitar,100,134,110,95,100,61,"100,00","21,61",600
296,248,Mega-Tyranitar,100,164,150,95,120,71,"116,67","32,13",700
297,249,Lugia,106,90,130,90,154,110,"113,33","22,68",680
298,250,Ho-Oh,106,130,90,110,154,90,"113,33","22,68",680
299,251,Celebi,100,100,100,100,100,100,"100,00","0,00",600
300,252,Treecko,40,45,35,65,55,70,"51,67","12,80",310
301,253,Grovyle,50,65,45,85,65,95,"67,50","17,74",405
302,254,Sceptile,70,85,65,105,85,120,"88,33","19,08",530
303,254,Mega-Sceptile,70,110,75,145,85,145,"105,00","30,96",630
304,255,Torchic,45,60,40,70,50,45,"51,67","10,27",310
305,256,Combusken,60,85,60,85,60,55,"67,50","12,50",405
306,257,Blaziken,80,120,70,110,70,80,"88,33","19,51",530
307,257,Mega-Blaziken,80,160,80,130,80,100,"105,00","30,41",630
308,258,Mudkip,50,70,50,50,50,40,"51,67","8,98",310
309,259,Marshtomp,70,85,70,60,70,50,"67,50","10,70",405
310,260,Swampert,100,110,90,85,90,60,"89,17","15,39",535
311,260,Mega-Swampert,100,150,110,95,110,70,"105,83","23,88",635
312,261,Poochyena,35,55,35,30,30,35,"36,67","8,50",220
313,262,Mightyena,70,90,70,60,60,70,"70,00","10,00",420
314,263,Zigzagoon,38,30,41,30,41,60,"40,00","10,05",240
315,263,Zigzagoon de Galar,38,30,41,30,41,60,"40,00","10,05",240
316,264,Linoone,78,70,61,50,61,100,"70,00","15,95",420
317,264,Linoone de Galar,78,70,61,50,61,100,"70,00","15,95",420
318,265,Wurmple,45,45,35,20,30,20,"32,50","10,31",195
319,266,Silcoon,50,35,55,25,25,15,"34,17","14,26",205
320,267,Beautifly,60,70,50,10024,50,65,"65,83","16,94",395
321,268,Cascoon,50,35,55,25,25,15,"34,17","14,26",205
322,269,Dustox,60,50,70,50,90,65,"64,17","13,67",385
323,270,Lotad,40,30,30,40,50,30,"36,67","7,45",220
324,271,Lombre,60,50,50,60,70,50,"56,67","7,45",340
325,272,Ludicolo,80,70,70,90,100,70,"80,00","11,55",480
326,273,Seedot,40,40,50,30,30,30,"36,67","7,45",220
327,274,Nuzleaf,70,70,40,60,40,60,"56,67","12,47",340
328,275,Shiftry,90,100,60,90,60,80,"80,00","15,28",480
329,276,Taillow,40,55,30,30,30,85,"45,00","20,00",270
330,277,Swellow,60,85,60,7522,50,125,"75,83","24,73",455
331,278,Wingull,40,30,30,55,30,85,"45,00","20,00",270
332,279,Pelipper,60,50,100,953,70,65,"73,33","18,18",440
333,280,Ralts,28,25,25,45,35,40,"33,00","7,64",198
334,281,Kirlia,38,35,35,65,55,50,"46,33","11,28",278
335,282,Gardevoir,68,65,65,125,115,80,"86,33","24,51",518
336,282,Mega-Gardevoir,68,85,65,165,135,100,"103,00","36,22",618
337,283,Surskit,40,30,32,50,52,65,"44,83","12,20",269
338,284,Masquerain,70,60,62,10011,82,8019,"75,67","13,63",454
339,285,Shroomish,60,40,60,40,60,35,"49,17","10,96",295
340,286,Breloom,60,130,80,60,60,70,"76,67","24,94",460
341,287,Slakoth,60,60,60,35,35,30,"46,67","13,44",280
342,288,Vigoroth,80,80,80,55,55,90,"73,33","13,44",440
343,289,Slaking,150,160,100,95,65,100,"111,67","33,00",670
344,290,Nincada,31,45,90,30,30,40,"44,33","21,19",266
345,291,Ninjask,61,90,45,50,50,160,"76,00","40,39",456
346,292,Shedinja,1,90,45,30,30,40,"39,33","26,59",236
347,293,Whismur,64,51,23,51,23,28,"40,00","16,02",240
348,294,Loudred,84,71,43,71,43,48,"60,00","16,02",360
349,295,Exploud,104,91,63,91,7325,68,"81,67","14,62",490
350,296,Makuhita,72,60,30,20,30,25,"39,50","19,35",237
351,297,Hariyama,144,120,60,40,60,50,"79,00","38,71",474
352,298,Azurill,50,20,40,20,40,20,"31,67","12,13",190
353,299,Nosepass,30,45,135,45,90,30,"62,50","38,16",375
354,300,Skitty,50,45,45,35,35,50,"43,33","6,24",260
355,301,Delcatty,70,65,65,55,55,9026,"66,67","11,79",400
356,302,Sableye,50,75,75,65,65,50,"63,33","10,27",380
357,302,Mega-Sableye,50,85,125,85,115,20,"80,00","36,06",480
358,303,Mawile,50,85,85,55,55,50,"63,33","15,46",380
359,303,Mega-Mawile,50,105,125,55,95,50,"80,00","29,72",480
360,304,Aron,50,70,100,40,40,30,"55,00","23,63",330
361,305,Lairon,60,90,140,50,50,40,"71,67","34,36",430
362,306,Aggron,70,110,180,60,60,50,"88,33","45,25",530
363,306,Mega-Aggron,70,140,230,60,80,50,"105,00","62,92",630
364,307,Meditite,30,40,55,40,55,60,"46,67","10,67",280
365,308,Medicham,60,60,75,60,75,80,"68,33","8,50",410
366,308,Mega-Medicham,60,100,85,80,85,100,"85,00","13,54",510
367,309,Electrike,40,45,40,65,40,65,"49,17","11,33",295
368,310,Manectric,70,75,60,105,60,105,"79,17","19,02",475
369,310,Mega-Manectric,70,75,80,135,80,135,"95,83","27,90",575
370,311,Plusle,60,50,40,85,75,95,"67,50","19,31",405
371,312,Minun,60,40,50,75,85,95,"67,50","19,31",405
372,313,Volbeat,65,73,7523,47,8521,85,"71,67","13,05",430
373,314,Illumise,65,47,7523,73,8521,85,"71,67","13,05",430
374,315,Roselia,50,60,45,100,80,65,"66,67","18,63",400
375,316,Gulpin,70,43,53,43,53,40,"50,33","10,13",302
376,317,Swalot,100,73,83,73,83,55,"77,83","13,62",467
377,318,Carvanha,45,90,20,65,20,65,"50,83","25,40",305
378,319,Sharpedo,70,120,40,95,40,95,"76,67","29,67",460
379,319,Mega-Sharpedo,70,140,70,110,65,105,"93,33","27,34",560
380,320,Wailmer,130,70,35,70,35,60,"66,67","31,84",400
381,321,Wailord,170,90,45,90,45,60,"83,33","42,98",500
382,322,Numel,60,60,40,65,45,35,"50,83","11,33",305
383,323,Camerupt,70,100,70,105,75,40,"76,67","21,54",460
384,323,Mega-Camerupt,70,120,100,145,105,20,"93,33","39,76",560
385,324,Torkoal,70,85,140,85,70,20,"78,33","35,20",470
386,325,Spoink,60,25,35,70,80,60,"55,00","19,15",330
387,326,Grumpig,80,45,65,90,110,80,"78,33","20,14",470
388,327,Spinda,60,60,60,60,60,60,"60,00","0,00",360
389,328,Trapinch,45,100,45,45,45,10,"48,33","26,40",290
390,329,Vibrava,50,70,50,50,50,70,"56,67","9,43",340
391,330,Flygon,80,100,80,80,80,100,"86,67","9,43",520
392,331,Cacnea,50,85,40,85,40,35,"55,83","21,10",335
393,332,Cacturne,70,115,60,115,60,55,"79,17","25,73",475
394,333,Swablu,45,40,60,40,75,50,"51,67","12,47",310
395,334,Altaria,75,70,90,70,105,80,"81,67","12,47",490
396,334,Mega-Altaria,75,110,110,110,105,80,"98,33","14,91",590
397,335,Zangoose,73,115,60,60,60,90,"76,33","20,39",458
398,336,Seviper,73,100,60,100,60,65,"76,33","17,29",458
399,337,Lunatone,9026,55,65,95,85,70,"76,67","14,34",460
400,338,Solrock,9026,95,85,55,65,70,"76,67","14,34",460
401,339,Barboach,50,48,43,46,41,60,"48,00","6,14",288
402,340,Whiscash,110,78,73,76,71,60,"78,00","15,42",468
403,341,Corphish,43,80,65,50,35,35,"51,33","16,40",308
404,342,Crawdaunt,63,120,85,90,55,55,"78,00","23,24",468
405,343,Baltoy,40,40,55,40,70,55,"50,00","11,18",300
406,344,Claydol,60,70,105,70,120,75,"83,33","21,54",500
407,345,Lileep,66,41,77,61,87,23,"59,17","21,53",355
408,346,Cradily,86,81,97,81,107,43,"82,50","19,95",495
409,347,Anorith,45,95,50,40,50,75,"59,17","19,45",355
410,348,Armaldo,75,125,100,70,80,45,"82,50","24,96",495
411,349,Feebas,20,15,20,10,55,80,"33,33","25,44",200
412,350,Milotic,95,60,79,100,125,81,"90,00","20,22",540
413,351,Castform,70,70,70,70,70,70,"70,00","0,00",420
414,352,Kecleon,60,90,70,60,120,40,"73,33","25,60",440
415,353,Shuppet,44,75,35,63,33,45,"49,17","15,08",295
416,354,Banette,64,115,65,83,63,65,"75,83","18,82",455
417,354,Mega-Banette,64,165,75,93,83,75,"92,50","33,59",555
418,355,Duskull,20,40,90,30,90,25,"49,17","29,50",295
419,356,Dusclops,40,70,130,60,130,25,"75,83","40,87",455
420,357,Tropius,99,68,83,72,87,51,"76,67","15,28",460
421,358,Chimecho,7515,50,8026,95,9011,65,"75,83","15,12",455
422,359,Absol,65,130,60,75,60,75,"77,50","24,28",465
423,359,Mega-Absol,65,150,60,115,60,115,"94,17","34,57",565
424,360,Wynaut,95,23,48,23,48,23,"43,33","25,67",260
425,361,Snorunt,50,50,50,50,50,50,"50,00","0,00",300
426,362,Glalie,80,80,80,80,80,80,"80,00","0,00",480
427,362,Mega-Glalie,80,120,80,120,80,100,"96,67","17,95",580
428,363,Spheal,70,40,50,55,50,25,"48,33","13,74",290
429,364,Sealeo,90,60,70,75,70,45,"68,33","13,74",410
430,365,Walrein,110,80,90,95,90,65,"88,33","13,74",530
431,366,Clamperl,35,64,85,74,55,32,"57,50","19,29",345
432,367,Huntail,55,104,105,94,75,52,"80,83","21,71",485
433,368,Gorebyss,55,84,105,114,75,52,"80,83","23,19",485
434,369,Relicanth,100,90,130,45,65,55,"80,83","29,07",485
435,370,Luvdisc,43,30,55,40,65,97,"55,00","21,83",330
436,371,Bagon,45,75,60,40,30,50,"50,00","14,43",300
437,372,Shelgon,65,95,100,60,50,50,"70,00","20,21",420
438,373,Salamence,95,135,80,110,80,100,"100,00","18,93",600
439,373,Mega-Salamence,95,145,130,120,90,120,"116,67","19,08",700
440,374,Beldum,40,55,80,35,60,30,"50,00","17,08",300
441,375,Metang,60,75,100,55,80,50,"70,00","17,08",420
442,376,Metagross,80,135,130,95,90,70,"100,00","24,32",600
443,376,Mega-Metagross,80,145,150,105,110,110,"116,67","24,09",700
444,377,Regirock,80,100,200,50,100,50,"96,67","50,55",580
445,378,Regice,80,50,100,100,200,50,"96,67","50,55",580
446,379,Registeel,80,75,150,75,150,50,"96,67","38,91",580
447,380,Latias,80,80,90,110,130,110,"100,00","18,26",600
448,380,Mega-Latias,80,100,120,140,150,110,"116,67","23,57",700
449,381,Latios,80,90,80,130,110,110,"100,00","18,26",600
450,381,Mega-Latios,80,130,100,160,120,110,"116,67","24,94",700
451,382,Kyogre,100,100,90,150,140,90,"111,67","24,09",670
452,382,Kyogre primigenio,100,150,90,180,160,90,"128,33","36,25",770
453,383,Groudon,100,150,140,100,90,90,"111,67","24,09",670
454,383,Groudon primigenio,100,180,160,150,90,90,"128,33","36,25",770
455,384,Rayquaza,105,150,90,150,90,95,"113,33","26,40",680
456,384,Mega-Rayquaza,105,180,100,180,100,115,"130,00","35,71",780
457,385,Jirachi,100,100,100,100,100,100,"100,00","0,00",600
458,386,Deoxys (forma normal),50,150,50,150,50,150,"100,00","50,00",600
459,386,Deoxys (forma ataque),50,180,20,180,20,150,"100,00","71,41",600
460,386,Deoxys (forma defensa),50,70,160,70,160,90,"100,00","43,97",600
461,386,Deoxys (forma velocidad),50,95,90,95,90,180,"100,00","39,05",600
462,387,Turtwig,55,68,64,45,55,31,"53,00","12,26",318
463,388,Grotle,75,89,85,55,65,36,"67,50","18,16",405
464,389,Torterra,95,109,105,75,85,56,"87,50","18,16",525
465,390,Chimchar,44,58,44,58,44,61,"51,50","7,57",309
466,391,Monferno,64,78,52,78,52,81,"67,50","12,22",405
467,392,Infernape,76,104,71,104,71,108,"89,00","16,47",534
468,393,Piplup,53,51,53,61,56,40,"52,33","6,37",314
469,394,Prinplup,64,66,68,81,76,50,"67,50","9,79",405
470,395,Empoleon,84,86,88,111,101,60,"88,33","15,82",530
471,396,Starly,40,55,30,30,30,60,"40,83","12,39",245
472,397,Staravia,55,75,50,40,40,80,"56,67","15,72",340
473,398,Staraptor,85,120,70,50,6020,100,"80,83","23,88",485
474,399,Bidoof,59,45,40,35,40,31,"41,67","8,90",250
475,400,Bibarel,79,85,60,55,60,71,"68,33","10,92",410
476,401,Kricketot,37,25,41,25,41,25,"32,33","7,45",194
477,402,Kricketune,77,85,51,55,51,65,"64,00","13,10",384
478,403,Shinx,45,65,34,40,34,45,"43,83","10,48",263
479,404,Luxio,60,85,49,60,49,60,"60,50","12,01",363
480,405,Luxray,80,120,79,95,79,70,"87,17","16,43",523
481,406,Budew,40,30,35,50,70,55,"46,67","13,44",280
482,407,Roserade,60,70,6527,125,105,90,"85,83","23,35",515
483,408,Cranidos,67,125,40,30,30,58,"58,33","32,82",350
484,409,Rampardos,97,165,60,65,50,58,"82,50","39,76",495
485,410,Shieldon,30,42,118,42,88,30,"58,33","33,11",350
486,411,Bastiodon,60,52,168,47,138,30,"82,50","51,39",495
487,412,Burmy,40,29,45,29,45,36,"37,33","6,65",224
488,413,Wormadam (tronco planta),60,59,85,79,105,36,"70,67","22,01",424
489,413,Wormadam (tronco arena),60,79,105,59,85,36,"70,67","22,01",424
490,413,Wormadam (tronco basura),60,69,95,69,95,36,"70,67","20,43",424
491,414,Mothim,70,94,50,94,50,66,"70,67","18,10",424
492,415,Combee,30,30,42,30,42,70,"40,67","14,17",244
493,416,Vespiquen,70,80,102,80,102,40,"79,00","21,06",474
494,417,Pachirisu,60,45,70,45,90,95,"67,50","19,74",405
495,418,Buizel,55,65,35,60,30,85,"55,00","18,48",330
496,419,Floatzel,85,105,55,85,50,115,"82,50","23,76",495
497,420,Cherubi,45,35,45,62,53,35,"45,83","9,56",275
498,421,Cherrim,70,60,70,87,78,85,"75,00","9,38",450
499,422,Shellos,76,48,48,57,62,34,"54,17","13,09",325
500,423,Gastrodon,111,83,68,92,82,39,"79,17","22,13",475
501,424,Ambipom,75,100,66,60,66,115,"80,33","20,17",482
502,425,Drifloon,90,50,34,60,44,70,"58,00","18,29",348
503,426,Drifblim,150,80,44,90,54,80,"83,00","33,96",498
504,427,Buneary,55,66,44,44,56,85,"58,33","14,13",350
505,428,Lopunny,65,76,84,54,96,105,"80,00","17,39",480
506,428,Mega-Lopunny,65,136,94,54,96,135,"96,67","31,22",580
507,429,Mismagius,60,60,60,105,105,105,"82,50","22,50",495
508,430,Honchkrow,100,125,52,105,52,71,"84,17","27,67",505
509,431,Glameow,49,55,42,42,37,85,"51,67","15,98",310
510,432,Purugly,71,82,64,64,59,112,"75,33","17,94",452
511,433,Chingling,45,30,50,65,50,45,"47,50","10,31",285
512,434,Stunky,63,63,47,41,41,74,"54,83","12,55",329
513,435,Skuntank,103,93,67,71,61,84,"79,83","14,86",479
514,436,Bronzor,57,24,86,24,86,23,"50,00","28,05",300
515,437,Bronzong,67,89,116,79,116,33,"83,33","28,83",500
516,438,Bonsly,50,80,95,10,45,10,"48,33","31,97",290
517,439,Mime Jr.,20,25,45,70,90,60,"51,67","24,61",310
518,440,Happiny,100,5,5,15,65,30,"36,67","34,96",220
519,441,Chatot,76,65,45,92,42,91,"68,50","19,92",411
520,442,Spiritomb,50,92,108,92,108,35,"80,83","28,22",485
521,443,Gible,58,70,45,40,45,42,"50,00","10,63",300
522,444,Gabite,68,90,65,50,55,82,"68,33","14,03",410
523,445,Garchomp,108,130,95,80,85,102,"100,00","16,42",600
524,445,Mega-Garchomp,108,170,115,120,95,92,"116,67","25,86",700
525,446,Munchlax,135,85,40,40,85,5,"65,00","41,93",390
526,447,Riolu,40,70,40,35,40,60,"47,50","12,83",285
527,448,Lucario,70,110,70,115,70,90,"87,50","19,09",525
528,448,Mega-Lucario,70,145,88,140,70,112,"104,17","30,57",625
529,449,Hippopotas,68,72,78,38,42,32,"55,00","18,14",330
530,450,Hippowdon,108,112,118,68,72,47,"87,50","26,49",525
531,451,Skorupi,40,50,90,30,55,65,"55,00","19,15",330
532,452,Drapion,70,90,110,60,75,95,"83,33","16,75",500
533,453,Croagunk,48,61,40,61,40,50,"50,00","8,62",300
534,454,Toxicroak,83,106,65,86,65,85,"81,67","14,02",490
535,455,Carnivine,74,100,72,90,72,46,"75,67","16,87",454
536,456,Finneon,49,49,56,49,61,66,"55,00","6,66",330
537,457,Lumineon,69,69,76,69,86,91,"76,67","8,84",460
538,458,Mantyke,45,20,50,60,120,50,"57,50","30,52",345
539,459,Snover,60,62,50,62,60,40,"55,67","8,12",334
540,460,Abomasnow,90,92,75,92,85,60,"82,33","11,59",494
541,460,Mega-Abomasnow,90,132,105,132,105,30,"99,00","34,38",594
542,461,Weavile,70,120,65,45,85,125,"85,00","29,01",510
543,462,Magnezone,70,70,115,130,90,60,"89,17","25,56",535
544,463,Lickilicky,110,85,95,80,95,50,"85,83","18,58",515
545,464,Rhyperior,115,140,130,55,55,40,"89,17","40,15",535
546,465,Tangrowth,100,100,125,110,50,50,"89,17","28,93",535
547,466,Electivire,75,123,67,95,85,95,"90,00","17,88",540
548,467,Magmortar,75,95,67,125,95,83,"90,00","18,61",540
549,468,Togekiss,85,50,95,120,115,80,"90,83","23,35",545
550,469,Yanmega,86,76,86,116,56,95,"85,83","18,17",515
551,470,Leafeon,65,110,130,60,65,95,"87,50","26,26",525
552,471,Glaceon,65,60,110,130,95,65,"87,50","26,26",525
553,472,Gliscor,75,95,125,45,75,95,"85,00","24,49",510
554,473,Mamoswine,110,130,80,70,60,80,"88,33","24,09",530
555,474,Porygon-Z,85,80,70,135,75,90,"89,17","21,49",535
556,475,Gallade,68,125,65,65,115,80,"86,33","24,51",518
557,475,Mega-Gallade,68,165,95,65,115,110,"103,00","33,59",618
558,476,Probopass,60,55,145,75,150,40,"87,50","43,66",525
559,477,Dusknoir,45,100,135,65,135,45,"87,50","38,27",525
560,478,Froslass,70,80,70,80,70,110,"80,00","14,14",480
561,479,Rotom (forma normal),50,50,77,95,77,91,"73,33","17,78",440
562,479,Rotom (forma lavado),50,65,107,105,107,86,"86,67","22,28",520
563,479,Rotom (forma calor),50,65,107,105,107,86,"86,67","22,28",520
564,479,Rotom (forma corte),50,65,107,105,107,86,"86,67","22,28",520
565,479,Rotom (forma ventilador),50,65,107,105,107,86,"86,67","22,28",520
566,479,Rotom (forma frío),50,65,107,105,107,86,"86,67","22,28",520
567,480,Uxie,75,75,130,75,130,95,"96,67","24,61",580
568,481,Mesprit,80,105,105,105,105,80,"96,67","11,79",580
569,482,Azelf,75,125,70,125,70,115,"96,67","25,28",580
570,483,Dialga,100,120,120,150,100,90,"113,33","19,72",680
571,484,Palkia,90,120,100,150,120,100,"113,33","19,72",680
572,485,Heatran,91,90,106,130,106,77,"100,00","16,74",600
573,486,Regigigas,110,160,110,80,110,100,"111,67","24,09",670
574,487,Giratina (forma modificada),150,100,120,100,120,90,"113,33","19,72",680
575,487,Giratina (forma origen),150,120,100,120,100,90,"113,33","19,72",680
576,488,Cresselia,120,70,120,75,130,85,"100,00","23,98",600
577,489,Phione,80,80,80,80,80,80,"80,00","0,00",480
578,490,Manaphy,100,100,100,100,100,100,"100,00","0,00",600
579,491,Darkrai,70,90,90,135,90,125,"100,00","22,55",600
580,492,Shaymin (forma tierra),100,100,100,100,100,100,"100,00","0,00",600
581,492,Shaymin (forma cielo),100,103,75,120,75,127,"100,00","19,95",600
582,493,Arceus,120,120,120,120,120,120,"120,00","0,00",720
583,494,Victini,100,100,100,100,100,100,"100,00","0,00",600
584,495,Snivy,45,45,55,45,55,63,"51,33","6,87",308
585,496,Servine,60,60,75,60,75,83,"68,83","9,23",413
586,497,Serperior,75,75,95,75,95,113,"88,00","14,32",528
587,498,Tepig,65,63,45,45,45,45,"51,33","8,98",308
588,499,Pignite,90,93,55,70,55,55,"69,67","16,35",418
589,500,Emboar,110,123,65,100,65,65,"88,00","23,94",528
590,501,Oshawott,55,55,45,63,45,45,"51,33","6,87",308
591,502,Dewott,75,75,60,83,60,60,"68,83","9,23",413
592,503,Samurott,95,100,85,108,70,70,"88,00","14,43",528
593,504,Patrat,45,55,39,35,39,42,"42,50","6,37",255
594,505,Watchog,60,85,69,60,69,77,"70,00","8,91",420
595,506,Lillipup,45,60,45,25,45,55,"45,83","10,96",275
596,507,Herdier,65,80,65,35,65,60,"61,67","13,44",370
597,508,Stoutland,85,11028,90,45,90,80,"83,33","19,51",500
598,509,Purrloin,41,50,37,50,37,66,"46,83","10,12",281
599,510,Liepard,64,88,50,88,50,106,"74,33","21,08",446
600,511,Pansage,50,53,48,53,48,64,"52,67","5,47",316
601,512,Simisage,75,98,63,98,63,101,"83,00","16,52",498
602,513,Pansear,50,53,48,53,48,64,"52,67","5,47",316
603,514,Simisear,75,98,63,98,63,101,"83,00","16,52",498
604,515,Panpour,50,53,48,53,48,64,"52,67","5,47",316
605,516,Simipour,75,98,63,98,63,101,"83,00","16,52",498
606,517,Munna,76,25,45,67,55,24,"48,67","19,60",292
607,518,Musharna,116,55,85,107,95,29,"81,17","30,26",487
608,519,Pidove,50,55,50,36,30,43,"44,00","8,70",264
609,520,Tranquill,62,77,62,50,42,65,"59,67","11,15",358
610,521,Unfezant,80,11529,80,65,55,93,"81,33","19,29",488
611,522,Blitzle,45,60,32,50,32,76,"49,17","15,52",295
612,523,Zebstrika,75,100,63,80,63,116,"82,83","19,37",497
613,524,Roggenrola,55,75,85,25,25,15,"46,67","26,72",280
614,525,Boldore,70,105,105,50,40,20,"65,00","31,89",390
615,526,Gigalith,85,135,130,60,8030,25,"85,83","38,23",515
616,527,Woobat,6523,45,43,55,43,72,"53,83","11,32",323
617,528,Swoobat,67,57,55,77,55,114,"70,83","20,85",425
618,529,Drilbur,60,85,40,30,45,68,"54,67","18,45",328
619,530,Excadrill,110,135,60,50,65,88,"84,67","29,95",508
620,531,Audino,103,60,86,60,86,50,"74,17","18,69",445
621,531,Mega-Audino,103,60,126,80,126,50,"90,83","29,88",545
622,532,Timburr,75,80,55,25,35,35,"50,83","20,90",305
623,533,Gurdurr,85,105,85,40,50,40,"67,50","25,29",405
624,534,Conkeldurr,105,140,95,55,65,45,"84,17","32,71",505
625,535,Tympole,50,50,40,50,40,64,"49,00","8,06",294
626,536,Palpitoad,75,65,55,65,55,69,"64,00","7,19",384
627,537,Seismitoad,105,9531,75,85,75,74,"84,83","11,70",509
628,538,Throh,120,100,85,30,85,45,"77,50","30,92",465
629,539,Sawk,75,125,75,30,75,85,"77,50","27,65",465
630,540,Sewaddle,45,53,70,40,60,42,"51,67","10,66",310
631,541,Swadloon,55,63,90,50,80,42,"63,33","16,79",380
632,542,Leavanny,75,103,80,70,8030,92,"83,33","11,04",500
633,543,Venipede,30,45,59,30,39,57,"43,33","11,61",260
634,544,Whirlipede,40,55,99,40,79,47,"60,00","21,89",360
635,545,Scolipede,60,10032,89,55,69,112,"80,83","21,00",485
636,546,Cottonee,40,27,60,37,50,66,"46,67","13,46",280
637,547,Whimsicott,60,67,85,77,75,116,"80,00","17,91",480
638,548,Petilil,45,35,50,70,50,30,"46,67","12,80",280
639,549,Lilligant,70,60,75,110,75,90,"80,00","16,07",480
640,550,Basculin,70,92,65,80,55,98,"76,67","15,01",460
641,551,Sandile,50,72,35,35,35,65,"48,67","15,13",292
642,552,Krokorok,60,82,45,45,45,74,"58,50","14,95",351
643,553,Krookodile,95,117,8030,65,70,92,"86,50","17,37",519
644,554,Darumaka,70,90,45,15,45,50,"52,50","23,23",315
645,554,Darumaka de Galar,70,90,45,15,45,50,"52,50","23,23",315
646,555,Darmanitan,105,140,55,30,55,95,"80,00","36,97",480
647,555,Darmanitan de Galar,105,140,55,30,55,95,"80,00","36,97",480
648,555,Darmanitan (modo daruma),105,30,105,140,105,55,"90,00","36,51",540
649,555,Darmanitan de Galar (modo daruma),105,160,55,30,55,135,"90,00","46,90",540
650,556,Maractus,75,86,67,106,67,60,"76,83","15,36",461
651,557,Dwebble,50,65,85,35,35,55,"54,17","17,42",325
652,558,Crustle,70,10512,125,65,75,45,"80,83","26,52",485
653,559,Scraggy,50,75,70,35,70,48,"58,00","14,55",348
654,560,Scrafty,65,90,115,45,115,58,"81,33","27,30",488
655,561,Sigilyph,72,58,80,103,80,97,"81,67","15,00",490
656,562,Yamask,38,30,85,55,65,30,"50,50","20,07",303
657,562,Yamask de Galar,38,55,85,30,65,30,"50,50","20,07",303
658,563,Cofagrigus,58,50,145,95,105,30,"80,50","38,64",483
659,564,Tirtouga,54,78,103,53,45,22,"59,17","25,57",355
660,565,Carracosta,74,108,133,83,65,32,"82,50","31,96",495
661,566,Archen,55,112,45,74,45,70,"66,83","23,08",401
662,567,Archeops,75,140,65,112,65,110,"94,50","28,10",567
663,568,Trubbish,50,50,62,40,62,65,"54,83","8,88",329
664,569,Garbodor,80,95,82,60,82,75,"79,00","10,42",474
665,570,Zorua,40,65,40,80,40,65,"55,00","15,81",330
666,571,Zoroark,60,105,60,120,60,105,"85,00","25,50",510
667,572,Minccino,55,50,40,40,40,75,"50,00","12,58",300
668,573,Cinccino,75,95,60,65,60,115,"78,33","20,34",470
669,574,Gothita,45,30,50,55,65,45,"48,33","10,67",290
670,575,Gothorita,60,45,70,75,85,55,"65,00","13,23",390
671,576,Gothitelle,70,55,95,95,110,65,"81,67","19,51",490
672,577,Solosis,45,30,40,105,50,20,"48,33","27,18",290
673,578,Duosion,65,40,50,125,60,30,"61,67","30,64",370
674,579,Reuniclus,110,65,75,125,85,30,"81,67","30,78",490
675,580,Ducklett,62,44,50,44,50,55,"50,83","6,28",305
676,581,Swanna,75,87,63,87,63,98,"78,83","13,02",473
677,582,Vanillite,36,50,50,65,60,44,"50,83","9,60",305
678,583,Vanillish,51,65,65,80,75,59,"65,83","9,60",395
679,584,Vanilluxe,71,95,85,110,95,79,"89,17","12,60",535
680,585,Deerling,60,60,50,40,50,75,"55,83","10,96",335
681,586,Sawsbuck,80,100,70,60,70,95,"79,17","14,26",475
682,587,Emolga,55,75,60,75,60,103,"71,33","16,09",428
683,588,Karrablast,50,75,45,40,45,60,"52,50","11,81",315
684,589,Escavalier,70,135,105,60,105,20,"82,50","37,28",495
685,590,Foongus,69,55,45,55,55,15,"49,00","16,73",294
686,591,Amoonguss,114,85,70,85,80,30,"77,33","25,04",464
687,592,Frillish,55,40,50,65,85,40,"55,83","15,66",335
688,593,Jellicent,100,60,70,85,105,60,"80,00","18,03",480
689,594,Alomomola,165,75,80,40,45,65,"78,33","41,40",470
690,595,Joltik,50,47,50,57,50,65,"53,17","6,09",319
691,596,Galvantula,70,77,60,97,60,108,"78,67","18,13",472
692,597,Ferroseed,44,50,91,24,86,10,"50,83","29,68",305
693,598,Ferrothorn,74,94,131,54,116,20,"81,50","37,40",489
694,599,Klink,40,55,70,45,60,30,"50,00","13,23",300
695,600,Klang,60,80,95,70,85,50,"73,33","15,18",440
696,601,Klinklang,60,100,115,70,85,90,"86,67","18,18",520
697,602,Tynamo,35,55,40,45,40,60,"45,83","8,86",275
698,603,Eelektrik,65,85,70,75,70,40,"67,50","13,77",405
699,604,Eelektross,85,115,80,105,80,50,"85,83","20,70",515
700,605,Elgyem,55,55,55,85,55,30,"55,83","15,92",335
701,606,Beheeyem,75,75,75,125,95,40,"80,83","25,56",485
702,607,Litwick,50,30,55,65,55,20,"45,83","15,66",275
703,608,Lampent,60,40,60,95,60,55,"61,67","16,50",370
704,609,Chandelure,60,55,90,145,90,80,"86,67","29,39",520
705,610,Axew,46,87,60,30,40,57,"53,33","18,11",320
706,611,Fraxure,66,117,70,40,50,67,"68,33","24,21",410
707,612,Haxorus,76,147,90,60,70,97,"90,00","28,27",540
708,613,Cubchoo,55,70,40,60,40,40,"50,83","11,70",305
709,614,Beartic,95,13033,80,70,80,50,"84,17","24,57",505
710,615,Cryogonal,8026,50,5034,95,135,105,"85,83","30,20",515
711,616,Shelmet,50,40,85,40,65,25,"50,83","19,45",305
712,617,Accelgor,80,70,40,100,60,145,"82,50","33,39",495
713,618,Stunfisk,109,66,84,81,99,32,"78,50","24,85",471
714,618,Stunfisk de Galar,109,81,99,66,84,32,"78,50","24,85",471
715,619,Mienfoo,45,85,50,55,50,65,"58,33","13,44",350
716,620,Mienshao,65,125,60,95,60,105,"85,00","25,00",510
717,621,Druddigon,77,120,90,60,90,48,"80,83","23,20",485
718,622,Golett,59,74,50,35,50,35,"50,50","13,57",303
719,623,Golurk,89,124,80,55,80,55,"80,50","23,33",483
720,624,Pawniard,45,85,70,40,40,60,"56,67","16,75",340
721,625,Bisharp,65,125,100,60,70,70,"81,67","23,21",490
722,626,Bouffalant,95,110,95,40,95,55,"81,67","25,11",490
723,627,Rufflet,70,83,50,37,50,60,"58,33","14,95",350
724,628,Braviary,100,123,75,57,75,80,"85,00","21,13",510
725,629,Vullaby,70,55,75,45,65,60,"61,67","9,86",370
726,630,Mandibuzz,110,65,105,55,95,80,"85,00","20,21",510
727,631,Heatmor,85,97,66,105,66,65,"80,67","16,09",484
728,632,Durant,58,109,112,48,48,109,"80,67","29,54",484
729,633,Deino,52,65,50,45,50,38,"50,00","8,14",300
730,634,Zweilous,72,85,70,65,70,58,"70,00","8,14",420
731,635,Hydreigon,92,105,90,125,90,98,"100,00","12,37",600
732,636,Larvesta,55,85,55,50,55,60,"60,00","11,55",360
733,637,Volcarona,85,60,65,135,105,100,"91,67","25,44",550
734,638,Cobalion,91,90,129,90,72,108,"96,67","17,81",580
735,639,Terrakion,91,129,90,72,90,108,"96,67","17,81",580
736,640,Virizion,91,90,72,90,129,108,"96,67","17,81",580
737,641,Tornadus (forma avatar),79,115,70,125,80,111,"96,67","21,00",580
738,641,Tornadus (forma tótem),79,100,80,110,90,121,"96,67","15,36",580
739,642,Thundurus (forma avatar),79,115,70,125,80,111,"96,67","21,00",580
740,642,Thundurus (forma tótem),79,105,70,145,80,101,"96,67","24,92",580
741,643,Reshiram,100,120,100,150,120,90,"113,33","19,72",680
742,644,Zekrom,100,150,120,120,100,90,"113,33","19,72",680
743,645,Landorus (forma avatar),89,125,90,115,80,101,"100,00","15,66",600
744,645,Landorus (forma tótem),89,145,90,105,80,91,"100,00","21,42",600
745,646,Kyurem,125,130,90,130,90,95,"110,00","18,48",660
746,646,Kyurem negro,125,170,100,120,90,95,"116,67","27,03",700
747,646,Kyurem blanco,125,120,90,170,100,95,"116,67","27,03",700
748,647,Keldeo,91,72,90,129,90,108,"96,67","17,81",580
749,648,Meloetta (forma lírica),100,77,77,128,128,90,"100,00","21,32",600
750,648,Meloetta (forma danza),100,128,90,77,77,128,"100,00","21,32",600
751,649,Genesect,71,120,95,120,95,99,"100,00","16,79",600
752,650,Chespin,56,61,65,48,45,38,"52,17","9,37",313
753,651,Quilladin,61,78,95,56,58,57,"67,50","14,38",405
754,652,Chesnaught,88,107,122,74,75,64,"88,33","20,24",530
755,653,Fennekin,40,45,40,62,60,60,"51,17","9,67",307
756,654,Braixen,59,59,58,90,70,73,"68,17","11,36",409
757,655,Delphox,75,69,72,114,100,104,"89,00","17,59",534
758,656,Froakie,41,56,40,62,44,71,"52,33","11,59",314
759,657,Frogadier,54,63,52,83,56,97,"67,50","16,76",405
760,658,Greninja,72,95,67,103,71,122,"88,33","20,06",530
761,658,Greninja Ash,72,145,67,153,71,132,"106,67","37,21",640
762,659,Bunnelby,38,36,38,32,36,57,"39,50","8,08",237
763,660,Diggersby,85,56,77,50,77,78,"70,50","12,79",423
764,661,Fletchling,45,50,43,40,38,62,"46,33","7,97",278
765,662,Fletchinder,62,73,55,56,52,84,"63,67","11,35",382
766,663,Talonflame,78,81,71,74,69,126,"83,17","19,57",499
767,664,Scatterbug,38,35,40,27,25,35,"33,33","5,50",200
768,665,Spewpa,45,22,60,27,30,29,"35,50","13,02",213
769,666,Vivillon,80,52,50,90,50,89,"68,50","18,13",411
770,667,Litleo,62,50,58,73,54,72,"61,50","8,60",369
771,668,Pyroar,86,68,72,109,66,106,"84,50","17,49",507
772,669,Flabébé,44,38,39,61,79,42,"50,50","14,86",303
773,670,Floette,54,45,47,75,98,52,"61,83","18,90",371
774,670,Floette (flor eterna),74,65,67,125,128,92,"91,83","26,02",551
775,671,Florges,78,65,68,112,154,75,"92,00","31,71",552
776,672,Skiddo,66,65,48,62,57,52,"58,33","6,65",350
777,673,Gogoat,123,100,62,97,81,68,"88,50","20,71",531
778,674,Pancham,67,82,62,46,48,43,"58,00","13,80",348
779,675,Pangoro,95,124,78,69,71,58,"82,50","21,65",495
780,676,Furfrou,75,80,60,65,90,102,"78,67","14,28",472
781,677,Espurr,62,48,54,63,60,68,"59,17","6,49",355
782,678,Meowstic,74,48,76,83,81,104,"77,67","16,48",466
783,679,Honedge,45,80,100,35,37,28,"54,17","26,45",325
784,680,Doublade,59,110,150,45,49,35,"74,67","41,40",448
785,681,Aegislash (forma escudo),60,50,140 35,50,140 35,60,"83,33","40,28",500
786,681,Aegislash (forma filo),60,140 35,50,140 35,50,60,"83,33","40,28",500
787,682,Spritzee,78,52,60,63,65,23,"56,83","16,98",341
788,683,Aromatisse,101,72,72,99,89,29,"77,00","24,35",462
789,684,Swirlix,62,48,66,59,57,49,"56,83","6,52",341
790,685,Slurpuff,82,80,86,85,75,72,"80,00","5,07",480
791,686,Inkay,53,54,53,37,46,45,"48,00","6,06",288
792,687,Malamar,86,92,88,68,75,73,"80,33","8,77",482
793,688,Binacle,42,52,67,39,56,50,"51,00","9,20",306
794,689,Barbaracle,72,92,115,54,86,68,"81,17","19,50",487
795,690,Skrelp,50,60,60,60,60,30,"53,33","11,06",320
796,691,Dragalge,65,75,90,97,123,44,"82,33","25,00",494
797,692,Clauncher,50,53,62,58,63,44,"55,00","6,73",330
798,693,Clawitzer,71,73,88,120,89,59,"83,33","19,36",500
799,694,Helioptile,44,38,33,61,43,70,"48,17","13,03",289
800,695,Heliolisk,62,55,52,109,94,109,"80,17","24,53",481
801,696,Tyrunt,58,89,77,45,45,48,"60,33","16,97",362
802,697,Tyrantrum,82,121,119,69,59,71,"86,83","24,39",521
803,698,Amaura,77,59,50,67,63,46,"60,33","10,35",362
804,699,Aurorus,123,77,72,99,92,58,"86,83","20,94",521
805,700,Sylveon,95,65,65,110,130,60,"87,50","26,26",525
806,701,Hawlucha,78,92,75,74,63,118,"83,33","17,68",500
807,702,Dedenne,67,58,57,81,67,101,"71,83","15,24",431
808,703,Carbink,50,50,150,50,150,50,"83,33","47,14",500
809,704,Goomy,45,50,35,55,75,40,"50,00","12,91",300
810,705,Sliggoo,68,75,53,83,113,60,"75,33","19,43",452
811,706,Goodra,90,100,70,110,150,80,"100,00","25,82",600
812,707,Klefki,57,80,91,80,87,75,"78,33","10,86",470
813,708,Phantump,43,70,48,50,60,38,"51,50","10,67",309
814,709,Trevenant,85,110,76,65,82,56,"79,00","17,03",474
815,710,Pumpkaboo (tamaño pequeño),44,66,70,44,55,56,"55,83","9,87",335
816,710,Pumpkaboo (tamaño normal),49,66,70,44,55,51,"55,83","9,26",335
817,710,Pumpkaboo (tamaño grande),54,66,70,44,55,46,"55,83","9,53",335
818,710,Pumpkaboo (tamaño extra),59,66,70,44,55,41,"55,83","10,61",335
819,711,Gourgeist (tamaño pequeño),55,85,122,58,75,99,"82,33","23,28",494
820,711,Gourgeist (tamaño normal),65,90,122,58,75,84,"82,33","20,74",494
821,711,Gourgeist (tamaño grande),75,95,122,58,75,69,"82,33","20,86",494
822,711,Gourgeist (tamaño extra),85,100,122,58,75,54,"82,33","23,60",494
823,712,Bergmite,55,69,85,32,35,28,"50,67","20,98",304
824,713,Avalugg,95,117,184,44,46,28,"85,67","53,81",514
825,714,Noibat,40,30,35,45,40,55,"40,83","7,86",245
826,715,Noivern,85,70,80,97,80,123,"89,17","17,12",535
827,716,Xerneas,126,131,95,131,98,99,"113,33","16,13",680
828,717,Yveltal,126,131,95,131,98,99,"113,33","16,13",680
829,718,Zygarde (al 10%),54,100,71,61,85,115,"81,00","21,46",486
830,718,Zygarde (al 50%),108,100,121,81,95,95,"100,00","12,36",600
831,718,Zygarde (forma completa),216,100,121,91,95,85,"118,00","45,25",708
832,719,Diancie,50,100,150,100,150,50,"100,00","40,82",600
833,719,Mega-Diancie,50,160,110,160,110,110,"116,67","37,27",700
834,720,Hoopa (forma contenida),80,110,60,150,130,70,"100,00","32,66",600
835,720,Hoopa (forma desatada),80,160,60,170,130,80,"113,33","42,30",680
836,721,Volcanion,80,110,120,130,90,70,"100,00","21,60",600
837,722,Rowlet,68,55,55,50,50,42,"53,33","7,87",320
838,723,Dartrix,78,75,75,70,70,52,"70,00","8,54",420
839,724,Decidueye,78,107,75,100,100,70,"88,33","14,38",530
840,725,Litten,45,65,40,60,40,70,"53,33","12,13",320
841,726,Torracat,65,85,50,80,50,90,"70,00","16,07",420
842,727,Incineroar,95,115,90,80,90,60,"88,33","16,50",530
843,728,Popplio,50,54,54,66,56,40,"53,33","7,72",320
844,729,Brionne,60,69,69,91,81,50,"70,00","13,32",420
845,730,Primarina,80,74,74,126,116,60,"88,33","24,04",530
846,731,Pikipek,35,75,30,30,30,65,"44,17","18,58",265
847,732,Trumbeak,55,85,50,40,50,75,"59,17","15,66",355
848,733,Toucannon,80,120,75,75,75,60,"80,83","18,58",485
849,734,Yungoos,48,70,30,30,30,45,"42,17","14,50",253
850,735,Gumshoos,88,110,60,55,60,45,"69,67","22,26",418
851,736,Grubbin,47,62,45,55,45,56,"51,67","6,42",310
852,737,Charjabug,57,82,95,55,75,36,"66,67","19,48",400
853,738,Vikavolt,77,70,90,145,75,43,"83,33","30,99",500
854,739,Crabrawler,47,82,57,42,47,63,"56,33","13,44",338
855,740,Crabominable,97,132,77,62,67,43,"79,67","28,47",478
856,741,Oricorio (estilo apasionado),75,70,70,98,70,93,"79,33","11,66",476
857,741,Oricorio (estilo animado),75,70,70,98,70,93,"79,33","11,66",476
858,741,Oricorio (estilo plácido),75,70,70,98,70,93,"79,33","11,66",476
859,741,Oricorio (estilo refinado),75,70,70,98,70,93,"79,33","11,66",476
860,742,Cutiefly,40,45,40,55,40,84,"50,67","15,83",304
861,743,Ribombee,60,55,60,95,70,124,"77,33","24,64",464
862,744,Rockruff,45,65,40,30,40,60,"46,67","12,13",280
863,745,Lycanroc (forma diurna),75,115,65,55,65,112,"81,17","23,60",487
864,745,Lycanroc (forma nocturna),85,115,75,55,75,82,"81,17","17,89",487
865,745,Lycanroc (forma crepuscular),75,117,65,55,65,110,"81,17","23,67",487
866,746,Wishiwashi (forma individual),45,20,20,25,25,40,"29,17","9,75",175
867,746,Wishiwashi (forma banco),45,140,130,140,135,30,"103,33","46,87",620
868,747,Mareanie,50,53,62,43,52,45,"50,83","6,15",305
869,748,Toxapex,50,63,152,53,142,35,"82,50","46,43",495
870,749,Mudbray,70,100,70,45,55,45,"64,17","19,02",385
871,750,Mudsdale,100,125,100,55,85,35,"83,33","30,09",500
872,751,Dewpider,38,40,52,40,72,27,"44,83","14,15",269
873,752,Araquanid,68,70,92,50,132,42,"75,67","29,79",454
874,753,Fomantis,40,55,35,50,35,35,"41,67","7,99",250
875,754,Lurantis,70,105,90,80,90,45,"80,00","18,93",480
876,755,Morelull,40,35,55,65,75,15,"47,50","19,95",285
877,756,Shiinotic,60,45,80,90,100,30,"67,50","24,79",405
878,757,Salandit,48,44,40,71,40,77,"53,33","14,96",320
879,758,Salazzle,68,64,60,111,60,117,"80,00","24,26",480
880,759,Stufful,70,75,50,45,50,50,"56,67","11,43",340
881,760,Bewear,120,125,80,55,60,60,"83,33","28,82",500
882,761,Bounsweet,42,30,38,30,38,32,"35,00","4,58",210
883,762,Steenee,52,40,48,40,48,62,"48,33","7,52",290
884,763,Tsareena,72,120,98,50,98,72,"85,00","22,83",510
885,764,Comfey,51,52,90,82,110,100,"80,83","22,45",485
886,765,Oranguru,90,60,80,90,110,60,"81,67","17,72",490
887,766,Passimian,100,120,90,40,60,80,"81,67","26,09",490
888,767,Wimpod,25,35,40,20,30,80,"38,33","19,72",230
889,768,Golisopod,75,125,140,60,90,40,"88,33","34,96",530
890,769,Sandygast,55,55,80,70,45,15,"53,33","20,55",320
891,770,Palossand,85,75,110,100,75,35,"80,00","23,80",480
892,771,Pyukumuku,55,60,130,30,130,5,"68,33","47,14",410
893,772,Código Cero,95,95,95,95,95,59,"89,00","13,42",534
894,773,Silvally,95,95,95,95,95,95,"95,00","0,00",570
895,774,Minior (forma meteorito),60,60,100,60,100,60,"73,33","18,86",440
896,774,Minior (forma nucleo),60,100,60,100,60,120,"83,33","24,27",500
897,775,Komala,65,115,65,75,95,65,"80,00","18,93",480
898,776,Turtonator,60,78,135,91,85,36,"80,83","30,30",485
899,777,Togedemaru,65,98,63,40,73,96,"72,50","20,02",435
900,778,Mimikyu,55,90,80,50,105,96,"79,33","20,43",476
901,779,Bruxish,68,105,70,70,70,92,"79,17","14,19",475
902,780,Drampa,78,60,85,135,91,36,"80,83","30,30",485
903,781,Dhelmise,70,131,100,86,90,40,"86,17","27,72",517
904,782,Jangmo-o,45,55,65,45,45,45,"50,00","7,64",300
905,783,Hakamo-o,55,75,90,65,70,65,"70,00","10,80",420
906,784,Kommo-o,75,110,125,100,105,85,"100,00","16,33",600
907,785,Tapu Koko,70,115,85,95,75,130,"95,00","21,41",570
908,786,Tapu Lele,70,85,75,130,115,95,"95,00","21,41",570
909,787,Tapu Bulu,70,130,115,85,95,75,"95,00","21,41",570
910,788,Tapu Fini,70,75,115,95,130,85,"95,00","21,41",570
911,789,Cosmog,43,29,31,29,31,37,"33,33","5,09",200
912,790,Cosmoem,43,29,131,29,131,37,"66,67","45,74",400
913,791,Solgaleo,137,137,107,113,89,97,"113,33","18,35",680
914,792,Lunala,137,113,89,137,107,97,"113,33","18,35",680
915,793,Nihilego,109,53,47,127,131,103,"95,00","33,29",570
916,794,Buzzwole,107,139,139,53,53,79,"95,00","36,06",570
917,795,Pheromosa,71,137,37,137,37,151,"95,00","48,25",570
918,796,Xurkitree,83,89,71,173,71,83,"95,00","35,50",570
919,797,Celesteela,97,101,103,107,101,61,"95,00","15,49",570
920,798,Kartana,59,181,131,59,31,109,"95,00","50,95",570
921,799,Guzzlord,223,101,53,97,53,43,"95,00","61,45",570
922,800,Necrozma,97,107,101,127,89,79,"100,00","15,00",600
923,800,Necrozma (melena crepuscular),97,157,127,113,109,77,"113,33","24,83",680
924,800,Necrozma (alas de alba),97,113,109,157,127,77,"113,33","24,83",680
925,800,Ultra-Necrozma,97,167,97,167,97,129,"125,67","31,34",754
926,801,Magearna,80,95,115,130,115,65,"100,00","22,36",600
927,802,Marshadow,90,125,80,125,90,90,"100,00","18,03",600
928,803,Poipole,67,73,67,73,67,73,"70,00","3,00",420
929,804,Naganadel,73,73,73,127,73,121,"90,00","24,10",540
930,805,Stakataka,61,131,211,53,101,13,"95,00","63,81",570
931,806,Blacephalon,53,127,53,151,79,107,"95,00","36,72",570
932,807,Zeraora,88,112,75,102,80,143,"100,00","22,97",600
933,808,Meltan,46,65,65,55,35,34,"50,00","12,73",300
934,809,Melmetal,135,143,143,80,65,34,"100,00","42,63",600
935,810,Grookey,50,65,50,40,40,65,"51,67","10,27",310
936,811,Thwackey,70,85,70,55,60,80,"70,00","10,41",420
937,812,Rillaboom,100,125,90,60,70,85,"88,33","20,95",530
938,813,Scorbunny,50,71,40,40,40,69,"51,67","13,45",310
939,814,Raboot,65,86,60,55,60,94,"70,00","14,62",420
940,815,Cinderace,80,116,75,65,75,119,"88,33","21,12",530
941,816,Sobble,50,40,40,70,40,70,"51,67","13,44",310
942,817,Drizzile,65,60,55,95,55,90,"70,00","16,33",420
943,818,Inteleon,70,85,65,125,65,120,"88,33","25,11",530
944,819,Skwovet,70,55,55,35,35,25,"45,83","15,39",275
945,820,Greedent,120,95,95,55,75,20,"76,67","32,23",460
946,821,Rookidee,38,47,35,33,35,57,"40,83","8,53",245
947,822,Corvisquire,68,67,55,43,55,77,"60,83","11,08",365
948,823,Corviknight,98,87,105,53,85,67,"82,50","17,72",495
949,824,Blipbug,25,20,20,25,45,45,"30,00","10,80",180
950,825,Dottler,50,35,80,50,90,30,"55,83","22,06",335
951,826,Orbeetle,60,45,110,80,120,90,"84,17","26,21",505
952,827,Nickit,40,28,28,47,52,50,"40,83","9,81",245
953,828,Thievul,70,58,58,87,92,90,"75,83","14,47",455
954,829,Gossifleur,40,40,60,40,60,10,"41,67","16,75",250
955,830,Eldegoss,60,50,90,80,120,60,"76,67","23,57",460
956,831,Wooloo,42,40,55,40,45,48,"45,00","5,29",270
957,832,Dubwool,72,80,100,60,90,88,"81,67","12,98",490
958,833,Chewtle,50,64,50,38,38,44,"47,33","8,92",284
959,834,Drednaw,90,115,90,48,68,74,"80,83","20,92",485
960,835,Yamper,59,45,50,40,50,26,"45,00","10,26",270
961,836,Boltund,69,90,60,90,60,121,"81,67","21,55",490
962,837,Rolycoly,30,40,50,40,50,30,"40,00","8,17",240
963,838,Carkol,80,60,90,60,70,50,"68,33","13,44",410
964,839,Coalossal,110,80,120,80,90,30,"85,00","28,72",510
965,840,Applin,40,40,80,40,40,20,"43,33","17,95",260
966,841,Flapple,70,110,80,95,60,70,"80,83","16,94",485
967,842,Appletun,110,85,80,100,80,30,"80,83","25,24",485
968,843,Silicobra,52,57,75,35,50,46,"52,50","12,12",315
969,844,Sandaconda,72,107,125,65,70,71,"85,00","22,63",510
970,845,Cramorant,70,85,55,85,95,85,"79,17","13,04",475
971,846,Arrokuda,41,63,40,40,30,66,"46,67","13,16",280
972,847,Barraskewda,61,123,60,60,50,136,"81,67","34,23",490
973,848,Toxel,40,38,35,54,35,40,"40,33","6,45",242
974,849,Toxtricity,75,98,70,114,70,75,"83,67","16,58",502
975,850,Sizzlipede,50,65,45,50,50,45,"50,83","6,72",305
976,851,Centiskorch,100,115,65,90,90,65,"87,50","17,97",525
977,852,Clobbopus,50,68,60,50,50,32,"51,67","11,04",310
978,853,Grapploct,80,118,90,70,80,42,"80,00","22,69",480
979,854,Sinistea,40,45,45,74,54,50,"51,33","11,04",308
980,855,Polteageist,60,65,65,134,114,70,"84,67","28,55",508
981,856,Hatenna,42,30,45,56,53,39,"44,17","8,67",265
982,857,Hattrem,57,40,65,86,73,49,"61,67","15,18",370
983,858,Hatterene,57,90,95,136,103,29,"85,00","34,08",510
984,859,Impidimp,45,45,30,55,40,50,"44,17","7,86",265
985,860,Morgrem,65,60,45,75,55,70,"61,67","9,86",370
986,861,Grimmsnarl,95,120,65,95,75,60,"85,00","20,62",510
987,862,Obstagoon,93,90,101,60,81,95,"86,67","13,35",520
988,863,Perrserker,70,110,100,50,60,50,"73,33","23,57",440
989,864,Cursola,60,95,50,145,130,30,"85,00","42,03",510
990,865,Sirfetch'd,62,135,95,68,82,65,"84,50","25,25",507
991,866,Mr. Rime,80,85,75,110,100,70,"86,67","14,04",520
992,867,Runerigus,58,95,145,50,105,30,"80,50","38,64",483
993,868,Milcery,45,40,40,50,61,34,"45,00","8,68",270
994,869,Alcremie,65,60,75,110,121,64,"82,50","23,98",495
995,870,Falinks,65,100,100,70,60,75,"78,33","15,99",470
996,871,Pincurchin,48,101,95,91,85,15,"72,50","30,89",435
997,872,Snom,30,25,35,45,30,20,"30,83","7,86",185
998,873,Frosmoth,70,65,60,125,90,65,"79,17","22,62",475
999,874,Stonjourner,100,125,135,20,20,70,"78,33","46,07",470
1000,875,Eiscue (cara de hielo),75,80,110,65,90,50,"78,33","18,86",470
1001,875,Eiscue (cara deshielo),75,80,70,65,50,130,"78,33","24,94",470
1002,876,Indeedee (macho),60,65,55,105,95,95,"79,17","19,67",475
1003,876,Indeedee (hembra),70,55,65,95,105,85,"79,17","17,42",475
1004,877,Morpeko,58,95,58,70,58,97,"72,67","17,05",436
1005,878,Cufant,72,80,49,40,49,40,"55,00","15,47",330
1006,879,Copperajah,122,130,69,80,69,30,"83,33","34,01",500
1007,880,Dracozolt,90,100,90,80,70,75,"84,17","10,17",505
1008,881,Arctozolt,90,100,90,90,80,55,"84,17","14,26",505
1009,882,Dracovish,90,90,100,70,80,75,"84,17","10,17",505
1010,883,Arctovish,90,90,100,80,90,55,"84,17","14,26",505
1011,884,Duraludon,70,95,115,120,50,85,"89,17","24,40",535
1012,885,Dreepy,28,60,30,40,30,82,"45,00","19,82",270
1013,886,Drakloak,68,80,50,60,50,102,"68,33","18,31",410
1014,887,Dragapult,88,120,75,100,75,142,"100,00","24,35",600
1015,888,Zacian,92,130,115,80,115,138,"111,67","20,17",670
1016,888,Zacian espada suprema,92,170,115,80,115,148,120,"30,87",720
1017,889,Zamazenta,92,130,115,80,115,138,"111,67","20,17",670
1018,889,Zamazenta escudo supremo,92,130,145,80,145,128,120,"25,16",720
1019,890,Eternatus,140,85,95,145,95,130,"115,00","23,98",690
1020,890,Eternatus Dinamax infinito,255,115,250,125,250,130,"187,50","64,34",1125
